repaircost,rooftype,year,flood_status,homevalue,flooring,residents
6300,aframe,2008,no flood,274117,6,3
2899,barrel,2011,no flood,190552,10,2
5350,bell,2018,no flood,39590,3,1
25000,barrel,2014,no flood,64146,4,1
27700,box,2018,no flood,6654,3,1
5700,bell,2018,no flood,45561,7,1
7300,box,2010,no flood,149050,6,2
13350,butterfly,2017,no flood,23525,8,1
14600,box,2018,no flood,9371,1,1
5250,barrel,2017,no flood,63418,9,1
10400,bell,2009,no flood,107856,8,2
12920,butterfly,2017,no flood,39650,8,1
31900,box,2018,no flood,22909,9,1
5430,clerestory,2017,no flood,138650,4,2
20700,barrel,2013,no flood,100757,3,2
12710,butterfly,2017,no flood,25747,4,1
5200,combination,2018,no flood,46194,9,1
16500,conical,2018,no flood,20002,9,1
5210,barrel,2017,no flood,35714,8,1
38100,barrel,2013,no flood,54380,1,1
12520,butterfly,2017,no flood,30114,9,1
7300,combination,2018,no flood,38823,1,1
15000,box,2015,no flood,61578,5,1
6180,barrel,2017,no flood,46010,8,1
20800,barrel,2013,no flood,105510,3,2
11900,butterfly,2017,no flood,28040,3,1
21500,combination,2020,no flood,11451,7,1
12000,conical,2014,no flood,31039,1,1
4190,barrel,2017,no flood,44174,8,1
13000,barrel,2008,no flood,93698,2,1
12710,butterfly,2017,no flood,26364,7,1
18500,crosshipped,2016,no flood,71967,6,1
29800,box,1973,no flood,46226,2,1
5330,barrel,2017,no flood,37792,1,1
13000,barrel,2003,no flood,58817,10,1
11900,butterfly,2017,no flood,27965,9,1
16600,curved,2016,no flood,110907,1,2
19200,box,2018,no flood,2430,6,1
7320,barrel,2017,no flood,32366,10,1
7000,barrel,2003,no flood,176567,7,2
12710,butterfly,2017,no flood,30049,8,1
16600,curved,2016,no flood,97983,2,1
30500,box,2018,no flood,30442,2,1
6330,barrel,2017,no flood,38123,1,1
55000,barrel,2017,no flood,15273,5,1
12520,butterfly,2017,no flood,28972,10,1
16200,dome,2019,no flood,30061,7,1
19000,box,2017,no flood,18414,5,1
5580,bell,2017,no flood,46829,5,1
54000,barrel,2017,no flood,26241,5,1
12710,butterfly,2017,no flood,39886,7,1
16000,dome,2019,no flood,31594,3,1
27000,conical,2017,no flood,32107,4,1
7760,barrel,2017,no flood,44794,7,1
19600,clerestory,2019,no flood,42648,5,1
12920,butterfly,2017,no flood,39165,3,1
20000,dome,2019,no flood,38355,4,1
18100,conical,2017,no flood,46766,9,1
23000,clerestory,2020,no flood,2473,9,1
18500,clerestory,2019,no flood,38586,8,1
13490,butterfly,2017,no flood,27842,8,1
20700,dome,2019,no flood,31156,10,1
17800,box,2017,no flood,52435,6,1
6650,barrel,2017,no flood,29942,4,1
29100,clerestory,2019,no flood,25281,1,1
12710,butterfly,2017,no flood,32504,6,1
21100,dome,2019,no flood,28649,6,1
18600,box,2017,no flood,35200,8,1
4340,barrel,2017,no flood,25602,7,1
19300,clerestory,2019,no flood,34801,10,1
12780,butterfly,2017,no flood,31009,10,1
15800,dome,2019,no flood,35595,8,1
29400,vault,2017,no flood,23765,2,1
4430,barrel,2017,no flood,31792,5,1
19400,clerestory,2019,no flood,33135,10,1
12520,butterfly,2017,no flood,30636,9,1
15900,dome,2019,no flood,34502,5,1
26400,conical,2017,no flood,25434,5,1
4140,barrel,2017,no flood,36732,1,1
18300,clerestory,2019,no flood,41792,7,1
12520,butterfly,2017,no flood,31992,2,1
17900,dome,2019,no flood,32501,10,1
18300,box,2017,no flood,28395,7,1
4640,barrel,2017,no flood,36139,5,1
24000,barrel,2016,no flood,84413,6,1
13200,butterfly,2017,no flood,33457,3,1
18000,dome,2019,no flood,29245,10,1
14900,box,2017,no flood,12783,3,1
4140,barrel,2017,no flood,17617,3,1
11500,barrel,2016,no flood,36855,5,1
9110,barrel,2017,no flood,110316,1,2
7350,clerestory,2015,no flood,88227,5,1
24500,vault,2017,no flood,17626,8,1
9300,barrel,2017,no flood,120353,8,2
39800,bell,2015,no flood,3641,3,1
53500,vault,2017,no flood,29355,5,1
15110,barrel,2017,no flood,39333,6,1
34000,barrel,2015,no flood,42930,10,1
26502,box,2017,no flood,24993,5,1
5990,barrel,2017,no flood,44929,8,1
13600,barrel,2018,no flood,16971,3,1
23605,dormer,2017,no flood,35598,2,1
10780,barrel,2017,no flood,40455,10,1
13800,barrel,2018,no flood,23164,10,1
25201,dormer,2017,no flood,19011,8,1
7070,barrel,2017,no flood,45191,4,1
8700,barrel,2018,no flood,21405,9,1
18003,box,2017,no flood,19117,6,1
8530,barrel,2017,no flood,42104,8,1
23100,bell,2018,no flood,49496,3,1
24500,dormer,2017,no flood,32418,7,1
7000,barrel,2017,no flood,29882,6,1
17000,barrel,2018,no flood,34819,10,1
34002,box,2017,no flood,31923,10,1
6980,barrel,2017,no flood,29168,7,1
25000,bell,2018,no flood,28307,6,1
20802,box,2017,no flood,33791,6,1
9200,barrel,2017,no flood,21770,8,1
26500,clerestory,2017,no flood,18375,3,1
24802,box,2017,no flood,14158,8,1
7070,barrel,2017,no flood,30318,9,1
28500,barrel,2017,no flood,48086,8,1
47500,dormer,2017,no flood,26562,7,1
23500,barrel,2017,no flood,57611,2,1
23505,box,2017,no flood,47357,6,1
10940,barrel,2017,no flood,84916,9,1
32100,barrel,2017,no flood,24521,2,1
53000,box,2018,no flood,16105,3,1
6830,barrel,2017,no flood,35888,5,1
11900,bell,2017,no flood,59537,6,1
26414,box,2017,no flood,55222,5,1
4160,bell,2018,no flood,32870,10,1
19405,box,2017,no flood,39687,9,1
5690,bell,2018,no flood,47085,3,1
25900,clerestory,2017,no flood,32224,7,1
24005,box,2017,no flood,51293,7,1
5090,bell,2018,no flood,42989,3,1
19500,clerestory,2017,no flood,31311,8,1
32012,box,2017,no flood,46091,10,1
6800,bell,2016,no flood,49033,6,1
4260,bell,2018,no flood,33957,2,1
0,bell,2008,flood insurance,177948,8,2
31802,box,2017,no flood,19845,2,1
7210,bell,2018,no flood,38910,6,1
0,bell,2014,flood insurance,123660,8,2
28402,box,2017,no flood,31234,9,1
6800,bell,2018,no flood,36767,5,1
33300,dormer,2015,no flood,57932,5,1
10780,bell,2018,no flood,19420,4,1
6700,barrel,2014,no flood,204155,2,3
20000,box,2016,no flood,93493,10,1
6440,clerestory,2018,no flood,20942,9,1
19900,barrel,2016,no flood,86826,9,1
37000,box,2015,no flood,45787,8,1
4040,bell,2018,no flood,50765,10,1
22300,barrel,2016,no flood,62774,8,1
31200,box,2011,no flood,76326,8,1
4290,bell,2018,no flood,39029,9,1
22800,barrel,2016,no flood,72885,2,1
19002,dormer,2016,no flood,46467,8,1
4160,bell,2018,no flood,6743,7,1
18500,barrel,2016,no flood,33514,8,1
39000,vault,2016,no flood,39917,7,1
6060,bell,2018,no flood,32504,1,1
28800,barrel,2016,no flood,77638,7,1
40000,vault,2016,no flood,31727,5,1
6140,bell,2018,no flood,52966,3,1
21000,barrel,2016,no flood,24157,10,1
20105,conical,2016,no flood,51393,4,1
6760,bell,2018,no flood,35461,3,1
25800,barrel,2014,no flood,47055,7,1
39000,vault,2016,no flood,33110,7,1
5470,bell,2018,no flood,39721,9,1
14600,barrel,2014,no flood,75785,10,1
24502,box,2016,no flood,33624,9,1
15110,barrel,2017,no flood,42289,4,1
7900,barrel,2014,no flood,79422,8,1
27305,box,2016,no flood,28844,1,1
15290,barrel,2017,no flood,66582,6,1
26500,barrel,2015,no flood,61436,3,1
25502,box,2016,no flood,58303,9,1
7320,barrel,2017,no flood,55618,1,1
3800,box,2009,no flood,261648,9,3
24502,box,2016,no flood,33045,9,1
4140,barrel,2017,no flood,40747,6,1
1400,bell,2002,no flood,185460,4,2
18402,dormer,2016,no flood,26667,1,1
4160,barrel,2017,no flood,37176,6,1
175,clerestory,2000,flood insurance,231240,2,3
24503,box,2016,no flood,18006,9,1
15840,barrel,2017,no flood,72445,7,1
20500,barrel,2014,no flood,123355,4,2
21003,box,2016,no flood,44116,6,1
4200,barrel,2017,no flood,60219,9,1
17400,barrel,2011,no flood,135077,1,2
32001,box,2016,no flood,32058,7,1
0,barrel,2017,no flood,76858,10,1
15700,barrel,2011,no flood,309564,4,3
31009,box,2016,no flood,33928,3,1
3740,barrel,2017,no flood,90618,4,1
5000,bell,2001,no flood,109360,2,2
31002,box,2016,no flood,71809,2,1
3160,barrel,2017,no flood,31563,6,1
8600,bell,2005,no flood,219823,3,3
6000,box,2018,no flood,42090,1,1
12990,barrel,2017,no flood,126523,2,2
25,box,2020,flood insurance,7232,5,1
13200,conical,2017,no flood,60171,4,1
4410,barrel,2017,no flood,209915,3,3
25,clerestory,2005,flood insurance,151815,3,2
22500,box,2020,no flood,13826,8,1
7420,barrel,2017,no flood,55854,10,1
13500,barrel,2016,no flood,45757,2,1
15500,box,2020,no flood,16545,9,1
3540,barrel,2017,no flood,112893,7,2
17000,barrel,2016,no flood,126802,9,2
45500,box,2020,no flood,13303,7,1
4130,barrel,2017,no flood,34061,3,1
15700,barrel,2015,no flood,70251,9,1
45500,box,2020,no flood,13679,4,1
4130,barrel,2017,no flood,42426,4,1
15500,bell,2012,no flood,66452,10,1
16300,box,2020,no flood,18221,6,1
4530,barrel,2017,no flood,41455,10,1
15600,bell,2011,no flood,35275,9,1
45500,box,2020,no flood,13885,5,1
4100,barrel,2017,no flood,38815,8,1
18200,bell,2011,no flood,162281,1,2
10200,box,2013,no flood,56479,4,1
4080,barrel,2017,no flood,61027,5,1
5700,barrel,2014,no flood,178703,3,2
10200,box,2014,no flood,173469,4,2
5000,barrel,2017,no flood,37321,4,1
1700,barrel,2014,no flood,112789,1,2
6200,vault,2011,no flood,80394,6,1
3650,barrel,2016,no flood,68142,5,1
10500,bell,2014,no flood,74203,6,1
43500,box,2018,no flood,57604,5,1
4610,bell,2016,no flood,87229,6,1
3450,barrel,2012,no flood,90711,6,1
38500,box,2018,no flood,11135,7,1
6810,barrel,2016,no flood,66781,10,1
2900,barrel,2011,no flood,190994,10,2
43500,box,2018,no flood,56007,2,1
4450,barrel,2016,no flood,32486,10,1
5800,barrel,2011,no flood,195908,7,2
16500,box,2018,no flood,18020,2,1
4240,bell,2016,no flood,83262,7,1
26500,barrel,2008,no flood,62015,4,1
13700,box,2017,no flood,36421,6,1
8600,barrel,2016,no flood,73321,9,1
8000,barrel,2008,no flood,132379,3,2
14200,box,2017,no flood,28013,5,1
7040,barrel,2016,no flood,33291,10,1
4700,barrel,2005,no flood,225236,4,3
30851,box,2016,no flood,43176,9,1
4880,barrel,2016,no flood,36876,8,1
14500,bell,2006,no flood,111782,1,2
7600,box,2017,no flood,110489,10,2
13270,barrel,2016,no flood,84035,1,1
12800,barrel,2012,no flood,131101,3,2
33000,box,2018,no flood,52521,2,1
9280,barrel,2016,no flood,101380,2,2
900,barrel,2003,no flood,142027,7,2
7560,barrel,2016,no flood,111476,3,2
19500,barrel,2011,no flood,76897,4,1
17100,box,2019,no flood,15780,2,1
8020,barrel,2016,no flood,31944,10,1
10300,barrel,2019,no flood,18937,5,1
22600,box,2019,no flood,9706,6,1
10480,barrel,2016,no flood,57289,7,1
10300,barrel,2019,no flood,19956,9,1
22700,box,2019,no flood,6075,5,1
7410,barrel,2016,no flood,21034,4,1
10300,barrel,2019,no flood,22881,10,1
10300,box,2013,no flood,167600,3,2
7570,barrel,2016,no flood,37252,8,1
67000,bell,2019,no flood,10944,1,1
18900,box,2019,no flood,27601,10,1
12560,barrel,2019,no flood,15958,9,1
33000,bell,2019,no flood,32251,10,1
18300,box,2019,no flood,25809,6,1
11760,barrel,2017,no flood,30553,5,1
31700,bell,2019,no flood,26549,5,1
25,bell,2007,flood insurance,160528,10,2
0,barrel,2000,flood insurance,124969,9,2
7340,barrel,2019,no flood,15854,3,1
8200,dropped,2017,no flood,56690,2,1
3000,combination,2013,no flood,97142,4,1
6530,dome,2019,no flood,10185,1,1
0,dutch,2009,flood insurance,117541,5,2
12700,combination,2019,no flood,23514,6,1
13800,combination,2017,no flood,86959,8,1
0,box,1998,flood insurance,258631,5,3
725,barrel,2017,flood insurance,67279,7,1
7400,barrel,2019,no flood,16482,5,1
9800,dropped,2017,no flood,35687,4,1
0,flat,2003,flood insurance,152608,5,2
4400,dome,2019,no flood,17911,2,1
10330,crosshipped,2019,no flood,21278,7,1
1800,box,2011,flood insurance,47269,8,1
50,box,2008,flood insurance,172102,9,2
720,barrel,2006,no flood,26914,9,1
22800,barrel,2017,no flood,67217,3,1
2500,barrel,2017,flood insurance,78698,1,1
0,barrel,2003,flood insurance,246065,5,3
9190,butterfly,2017,no flood,41961,6,1
10900,dome,2019,no flood,13273,10,1
10400,crosshipped,2019,no flood,31713,1,1
0,box,2004,flood insurance,0,8,1
0,box,2003,flood insurance,194673,4,2
7320,box,2008,no flood,325611,6,3
22809,barrel,2017,no flood,50732,7,1
0,barrel,1998,flood insurance,186855,5,2
0,barrel,2013,flood insurance,94004,8,1
5520,butterfly,2017,no flood,52904,10,1
10900,dome,2019,no flood,14195,9,1
6330,dome,2019,no flood,43965,9,1
0,box,2009,flood insurance,117059,9,2
25,box,2010,flood insurance,149189,1,2
2320,bell,2007,no flood,112182,7,2
23702,barrel,2017,no flood,49024,5,1
0,barrel,1994,flood insurance,0,10,1
0,barrel,1997,flood insurance,203297,5,3
5520,butterfly,2017,no flood,35821,1,1
4050,gable,2018,no flood,1,8,1
14810,crosshipped,2019,no flood,32611,4,1
25,box,2011,flood insurance,105244,5,2
2960,clerestory,2008,no flood,164048,8,2
24800,barrel,2017,no flood,46955,10,1
0,barrel,1996,flood insurance,296860,3,3
0,barrel,2006,flood insurance,203158,1,3
6270,butterfly,2017,no flood,70443,7,1
1880,gable,2012,no flood,1,3,1
10050,crosshipped,2019,no flood,18229,1,1
225,box,2014,flood insurance,87673,4,1
26900,box,2018,no flood,42941,2,1
1420,clerestory,2007,no flood,104405,3,2
27003,barrel,2017,no flood,57186,4,1
0,barrel,2002,flood insurance,214800,8,3
350,barrel,2004,flood insurance,236980,7,3
5600,butterfly,2017,no flood,59808,8,1
6680,gable,2011,no flood,1,6,1
10120,crosshipped,2019,no flood,20681,7,1
0,box,2010,flood insurance,137422,2,2
3920,barrel,2015,no flood,102700,3,2
23100,barrel,2017,no flood,53270,9,1
0,butterfly,2004,flood insurance,235348,7,3
5630,butterfly,2017,no flood,27195,10,1
0,gable,2009,no flood,1,7,1
2800,gambrel,2019,no flood,20849,10,1
0,box,2008,flood insurance,159266,1,2
8850,barrel,2015,no flood,143818,3,2
18712,barrel,2017,no flood,67347,3,1
0,barrel,2009,flood insurance,180364,7,2
0,barrel,2009,flood insurance,184889,7,2
6300,butterfly,2017,no flood,117400,1,2
2220,gable,2010,no flood,1,4,1
6930,dome,2019,no flood,47798,9,1
25,box,2008,flood insurance,130623,2,2
3440,barrel,2015,no flood,124542,3,2
50412,barrel,2017,no flood,47129,3,1
25,barrel,1994,flood insurance,206162,1,3
950,barrel,2001,flood insurance,229886,7,3
9270,butterfly,2017,no flood,19490,4,1
11380,dome,2019,no flood,12038,5,1
5350,dropped,2019,no flood,43536,5,1
2725,box,2004,flood insurance,308451,6,3
3790,barrel,2015,no flood,100893,2,2
40514,barrel,2017,no flood,90304,10,1
0,barrel,1997,flood insurance,146912,1,2
0,barrel,1998,flood insurance,131367,3,2
9190,butterfly,2017,no flood,31394,5,1
10330,crosshipped,2019,no flood,25933,3,1
1000,hexagonal,2008,flood insurance,118250,9,2
2925,vault,2013,flood insurance,46060,8,1
3830,barrel,2015,no flood,50593,2,1
43402,barrel,2017,no flood,62387,10,1
1025,butterfly,2009,flood insurance,169634,5,2
17200,flat,2016,no flood,72527,10,1
54680,hip,2016,no flood,9502,10,1
6940,flat,2010,no flood,217290,7,3
13080,crosshipped,2019,no flood,17243,1,1
25,box,2007,flood insurance,194903,7,2
10630,barrel,2015,no flood,82899,7,1
43009,barrel,2017,no flood,76418,6,1
25,butterfly,2003,flood insurance,138441,3,2
4600,barrel,2006,flood insurance,240740,1,3
4950,flat,2016,no flood,71404,4,1
3760,dropped,2019,no flood,30382,2,1
3900,hexagonal,2009,no flood,179389,10,2
0,dormer,2000,flood insurance,105169,6,2
3830,barrel,2015,no flood,82534,4,1
53500,barrel,2017,no flood,55732,4,1
25,barrel,2010,flood insurance,198596,3,2
25,barrel,1998,flood insurance,300021,1,3
6240,flat,2015,no flood,83623,3,1
4150,dome,2014,no flood,108895,7,2
25,dome,1999,flood insurance,226972,8,3
61200,vault,2020,no flood,7509,2,1
0,conical,2006,flood insurance,137464,9,2
13500,vault,2014,no flood,33542,8,1
6490,barrel,2015,no flood,74754,3,1
51502,barrel,2017,no flood,27661,6,1
250,barrel,2010,flood insurance,115241,8,2
25,barrel,1984,flood insurance,41577,5,1
8160,flat,2015,no flood,109027,1,2
7770,dome,2014,no flood,72732,1,1
200,dome,2001,flood insurance,126400,1,2
25,jerkinhead,2008,flood insurance,177422,7,2
0,box,1995,flood insurance,274706,5,3
1825,vault,2008,flood insurance,77984,4,1
39800,vault,2017,no flood,23177,3,1
9210,barrel,2015,no flood,26911,6,1
58500,barrel,2019,no flood,21527,5,1
125,barrel,2014,flood insurance,56461,2,1
3960,flat,2015,no flood,95128,8,1
5998,dropped,2014,no flood,122975,3,2
3700,flat,2014,no flood,162824,10,2
0,combination,2008,flood insurance,148463,6,2
0,jerkinhead,2005,flood insurance,181896,4,2
0,vault,2000,flood insurance,216657,9,3
5000,butterfly,2012,no flood,140339,2,2
15050,crosshipped,2019,no flood,26786,3,1
3960,dropped,2019,no flood,35623,6,1
36300,mshaped,2019,no flood,14541,8,1
55600,mansard,2020,no flood,8186,9,1
2630,monitor,2018,no flood,36739,2,1
5690,monitor,2017,no flood,42616,8,1
19500,jerkinhead,2017,no flood,65833,4,1
450,box,2008,flood insurance,123515,10,2
20400,dormer,2015,no flood,36122,8,1
4320,box,2011,no flood,88359,6,1
33001,barrel,2017,no flood,35905,7,1
10000,barrel,2017,flood insurance,35747,9,1
0,barrel,2004,flood insurance,167011,9,2
5790,butterfly,2012,no flood,105020,8,2
14750,crosshipped,2019,no flood,11047,8,1
4010,dropped,2019,no flood,31233,2,1
40000,curved,2019,no flood,19427,8,1
13000,combination,2017,no flood,71991,4,1
3550,monitor,2018,no flood,29043,5,1
3040,monitor,2017,no flood,36064,3,1
0,box,2008,flood insurance,270080,7,3
36400,jerkinhead,2015,no flood,47213,5,1
4480,barrel,2011,no flood,116480,3,2
31003,barrel,2017,no flood,72084,8,1
75,barrel,2001,flood insurance,295780,3,3
8850,butterfly,2011,no flood,148035,3,2
14750,crosshipped,2019,no flood,11396,3,1
4690,dropped,2019,no flood,33785,5,1
23000,pyramid,2018,no flood,20103,5,1
46900,pyramid,2018,no flood,32387,4,1
10740,curved,2018,no flood,48140,5,1
3160,monitor,2017,no flood,34861,1,1
0,box,2006,flood insurance,268040,3,3
3450,clerestory,2011,no flood,114119,1,2
27102,barrel,2017,no flood,34165,10,1
500,butterfly,2018,flood insurance,27442,1,1
5100,butterfly,2011,no flood,144792,10,2
15010,crosshipped,2019,no flood,11394,9,1
5800,dome,2019,no flood,30546,2,1
23200,pyramid,2018,no flood,23745,7,1
8000,dropped,2015,no flood,88274,3,1
3390,monitor,2018,no flood,38349,3,1
3140,monitor,2017,no flood,30142,2,1
25,box,2007,flood insurance,267834,9,3
15000,vault,2014,no flood,44730,8,1
10440,box,2011,no flood,92476,9,1
23911,barrel,2017,no flood,25698,7,1
25,barrel,2010,flood insurance,155242,2,2
21400,butterfly,2018,no flood,54332,4,1
5380,butterfly,2011,no flood,119215,7,2
11000,dome,2019,no flood,8930,1,1
4950,dome,2019,no flood,46985,10,1
22500,pyramid,2018,no flood,30220,8,1
30300,saltbox,2017,no flood,37021,3,1
2630,monitor,2018,no flood,43152,10,1
3140,monitor,2017,no flood,34318,9,1
2300,box,2011,flood insurance,88287,10,1
4310,box,2011,no flood,105486,10,2
26012,barrel,2017,no flood,19850,3,1
75,barrel,2014,flood insurance,116535,9,2
48500,butterfly,2019,no flood,15777,2,1
3330,butterfly,2009,no flood,87448,3,1
11200,dome,2019,no flood,8395,8,1
4730,dropped,2019,no flood,30121,9,1
24900,curved,2018,no flood,33687,3,1
29400,curved,2017,no flood,37561,6,1
8350,monitor,2018,no flood,32256,8,1
475,sawtooth,2012,flood insurance,902041,10,3
3210,monitor,2017,no flood,25255,2,1
25,box,2006,flood insurance,165327,6,2
4200,box,2006,no flood,118009,2,2
8430,box,2011,no flood,114547,10,2
25503,barrel,2017,no flood,18647,4,1
0,barrel,1996,flood insurance,252588,6,3
26000,butterfly,2019,no flood,16669,8,1
3900,flat,2017,no flood,47970,9,1
11200,dome,2019,no flood,12905,2,1
8610,dome,2019,no flood,22123,9,1
28000,curved,2018,no flood,40780,6,1
84900,curved,2017,no flood,25302,10,1
10840,mansard,2017,no flood,36596,2,1
100,sawtooth,2012,flood insurance,0,1,1
11050,shed,2017,no flood,30421,1,1
0,box,2012,flood insurance,134938,6,2
1000,box,2005,no flood,135675,10,2
3570,bell,2015,no flood,17355,4,1
25001,barrel,2017,no flood,27773,8,1
0,barrel,2010,flood insurance,86841,5,1
5630,butterfly,2017,no flood,58366,3,1
11100,dome,2019,no flood,11229,6,1
4650,dropped,2019,no flood,27492,4,1
0,mshaped,2005,flood insurance,89705,4,1
3820,monitor,2016,no flood,41654,4,1
0,sawtooth,2009,flood insurance,982486,1,3
2900,monitor,2017,no flood,31954,2,1
50,box,2008,flood insurance,172102,2,2
5100,box,2004,no flood,173321,4,2
4700,bell,2015,no flood,93423,9,1
29502,barrel,2017,no flood,14053,8,1
0,barrel,2008,flood insurance,145483,2,2
6160,flat,2017,no flood,25956,3,1
10910,dome,2019,no flood,12253,9,1
3440,dropped,2019,no flood,34895,9,1
16000,dutch,2016,no flood,47753,2,1
3810,combination,2016,no flood,39408,7,1
1025,sawtooth,2010,flood insurance,1017936,1,3
3020,monitor,2017,no flood,33599,7,1
0,box,2003,flood insurance,194673,1,2
2000,box,2003,no flood,507985,10,3
3870,barrel,2010,no flood,185983,1,2
24811,barrel,2017,no flood,28464,1,1
75,barrel,2007,flood insurance,154989,4,2
5420,flat,2017,no flood,16702,6,1
11100,dome,2019,no flood,11449,10,1
4750,dropped,2019,no flood,25847,3,1
17900,curved,2015,no flood,49772,5,1
3800,monitor,2015,no flood,83915,9,1
3160,monitor,2017,no flood,40306,6,1
25,box,2010,flood insurance,149189,10,2
1200,box,2001,no flood,149543,10,2
6470,box,2010,no flood,69622,3,1
26400,barrel,2017,no flood,36295,1,1
0,butterfly,1993,flood insurance,0,10,1
32500,butterfly,2018,no flood,14856,9,1
6900,flat,2017,no flood,44129,6,1
11030,dome,2019,no flood,10861,5,1
3460,dropped,2012,no flood,142106,10,2
18000,curved,2015,no flood,82411,7,1
3250,dropped,2015,no flood,111612,6,2
3210,monitor,2017,no flood,35251,1,1
13200,box,2017,no flood,50408,7,1
27705,barrel,2019,no flood,15630,4,1
7200,box,2017,no flood,53273,9,1
28714,barrel,2019,no flood,14786,1,1
11200,box,2017,no flood,85315,9,1
27502,barrel,2019,no flood,16146,9,1
11900,box,2017,no flood,76211,3,1
29314,barrel,2019,no flood,15265,2,1
11200,box,2017,no flood,79965,9,1
27002,barrel,2019,no flood,16059,8,1
13200,box,2017,no flood,62739,6,1
28214,barrel,2019,no flood,15569,5,1
12700,box,2017,no flood,58932,9,1
29900,barrel,2019,no flood,17488,1,1
12700,box,2017,no flood,60733,10,1
27202,barrel,2019,no flood,18550,4,1
13500,box,2018,no flood,53194,7,1
27705,barrel,2019,no flood,17644,3,1
14700,box,2016,no flood,34454,5,1
29900,barrel,2019,no flood,17684,10,1
4500,box,2015,no flood,83279,9,1
27705,barrel,2019,no flood,16600,1,1
8000,box,2015,no flood,107971,4,2
25511,barrel,2019,no flood,17801,9,1
7700,box,2015,no flood,94150,8,1
29900,barrel,2019,no flood,17159,2,1
7200,box,2015,no flood,80711,3,1
27502,barrel,2019,no flood,17983,3,1
4500,box,2013,no flood,119981,3,2
27402,barrel,2019,no flood,17851,7,1
1500,box,2013,no flood,66079,10,1
26602,barrel,2019,no flood,18174,8,1
10200,box,2019,no flood,7654,4,1
29900,barrel,2019,no flood,18759,8,1
14000,box,2019,no flood,11564,10,1
28500,barrel,2019,no flood,18901,8,1
8000,box,2016,no flood,86541,7,1
29809,barrel,2019,no flood,21157,9,1
36900,box,2015,no flood,29937,4,1
26902,barrel,2019,no flood,23964,1,1
10950,box,2015,no flood,58504,6,1
27402,barrel,2019,no flood,20154,2,1
16900,hexagonal,2014,no flood,63500,5,1
25600,barrel,2019,no flood,23294,5,1
29700,vault,2016,no flood,24293,8,1
27702,barrel,2019,no flood,20343,4,1
13500,conical,2016,no flood,19655,10,1
27102,barrel,2019,no flood,19100,2,1
27102,barrel,2019,no flood,20014,7,1
25811,barrel,2019,no flood,21774,2,1
26602,barrel,2019,no flood,21201,3,1
27102,barrel,2019,no flood,21766,5,1
37500,conical,2019,no flood,12406,9,1
26211,barrel,2019,no flood,17977,5,1
24205,barrel,2019,no flood,22805,3,1
37500,dormer,2019,no flood,16013,9,1
27111,barrel,2019,no flood,14382,4,1
27411,barrel,2019,no flood,9660,2,1
27302,barrel,2019,no flood,18969,1,1
27202,barrel,2019,no flood,24730,1,1
26311,barrel,2019,no flood,15847,6,1
26602,barrel,2019,no flood,25009,1,1
33500,vault,2017,no flood,22115,5,1
27511,barrel,2019,no flood,11836,6,1
21500,conical,2017,no flood,23765,5,1
27200,barrel,2019,no flood,25508,10,1
26511,barrel,2019,no flood,18196,5,1
24002,barrel,2019,no flood,16106,4,1
21500,conical,2017,no flood,14907,2,1
18511,barrel,2019,no flood,12735,7,1
14000,combination,2017,no flood,53424,2,1
29000,conical,2017,no flood,17940,5,1
23402,barrel,2019,no flood,17417,8,1
13300,combination,2017,no flood,37125,8,1
19700,vault,2017,no flood,61428,2,1
23211,barrel,2019,no flood,17025,5,1
15500,combination,2017,no flood,37668,4,1
18111,barrel,2019,no flood,15805,1,1
21500,combination,2017,no flood,43761,2,1
25511,barrel,2019,no flood,11342,6,1
17700,box,2017,no flood,35664,6,1
28000,box,2017,no flood,12780,4,1
14000,box,2017,no flood,38458,1,1
21700,box,2017,no flood,34420,3,1
13500,box,2017,no flood,46497,6,1
35500,box,2017,no flood,21268,3,1
29500,box,2017,no flood,31029,6,1
25300,box,2017,no flood,40878,5,1
21500,box,2016,no flood,20270,4,1
25900,box,2016,no flood,32984,9,1
35300,box,2016,no flood,75506,6,1
13500,box,2016,no flood,39951,8,1
62000,box,2016,no flood,19403,1,1
46000,box,2016,no flood,4445,1,1
9000,box,2016,no flood,67527,1,1
25900,box,2016,no flood,33588,6,1
25800,box,2016,no flood,10103,4,1
17000,box,2016,no flood,26474,1,1
12800,box,2016,no flood,40253,8,1
47400,box,2016,no flood,39624,2,1
24400,box,2016,no flood,48705,8,1
17100,box,2016,no flood,19659,8,1
7400,box,2015,no flood,91299,6,1
33100,box,2015,no flood,81614,8,1
22000,box,2020,no flood,179,3,1
35000,box,2019,no flood,5523,8,1
16500,box,2019,no flood,29841,5,1
35300,box,2019,no flood,8516,8,1
26900,box,2018,no flood,42941,5,1
11600,box,2017,no flood,27498,9,1
28100,box,2017,no flood,31141,10,1
27700,box,2017,no flood,20784,4,1
17700,box,2017,no flood,52667,10,1
16600,box,2017,no flood,26003,4,1
63200,box,2016,no flood,4266,9,1
36800,box,2015,no flood,32332,5,1
19500,box,2018,no flood,44333,3,1
38800,box,2019,no flood,36198,4,1
37500,box,2019,no flood,33331,5,1
35000,box,2019,no flood,43082,9,1
31100,box,2019,no flood,24561,10,1
22600,box,2019,no flood,13485,6,1
22400,box,2019,no flood,15524,4,1
22700,box,2019,no flood,8996,6,1
13700,box,2019,no flood,47282,5,1
37100,box,2019,no flood,34470,7,1
18500,box,2018,no flood,87264,7,1
18300,box,2017,no flood,114344,9,2
19000,box,2017,no flood,111635,9,2
18500,box,2017,no flood,103955,10,2
22500,box,2016,no flood,66640,2,1
14500,box,2014,no flood,122018,2,2
32800,box,2018,no flood,46915,1,1
12300,box,2018,no flood,53599,9,1
19600,box,2018,no flood,41672,1,1
13600,box,2018,no flood,36047,9,1
7200,box,2018,no flood,42561,3,1
19900,box,2018,no flood,40345,8,1
13000,box,2018,no flood,41751,7,1
19700,box,2016,no flood,27593,8,1
9400,box,2017,no flood,24009,8,1
23800,box,2017,no flood,85697,10,1
17700,box,2019,no flood,25223,6,1
17000,box,2015,no flood,27927,10,1
14000,box,2014,no flood,135127,10,2
32100,box,2018,no flood,55532,1,1
33100,box,2019,no flood,72172,1,1
31600,box,2018,no flood,57751,1,1
5100,box,2013,no flood,96314,10,1
4100,box,2013,no flood,89152,7,1
7200,box,2014,no flood,114660,3,2
12800,box,2014,no flood,177322,1,2
46800,box,2019,no flood,36423,3,1
21800,box,2019,no flood,23759,6,1
3000,box,2013,no flood,120667,8,2
22500,box,2017,no flood,65344,1,1
35300,box,2018,no flood,51347,10,1
16500,box,2017,no flood,52322,1,1
33000,box,2017,no flood,67620,2,1
31500,box,2017,no flood,59965,1,1
34500,box,2017,no flood,28739,3,1
8000,box,2016,no flood,77429,5,1
25000,box,2017,no flood,20847,9,1
10700,box,2016,no flood,44280,4,1
13400,box,2016,no flood,86031,9,1
16500,box,2019,no flood,7622,4,1
34000,box,2019,no flood,8067,6,1
14100,box,2018,no flood,16502,2,1
38600,box,2019,no flood,20681,9,1
9100,box,2016,no flood,54655,10,1
8600,box,2016,no flood,57825,8,1
22000,box,2016,no flood,58856,9,1
8900,box,2015,no flood,85072,10,1
15500,box,2015,no flood,79506,4,1
3300,box,2015,no flood,85301,1,1
29000,box,2015,no flood,69377,10,1
17300,box,2020,no flood,15577,8,1
30500,box,2020,no flood,23470,1,1
25000,box,2020,no flood,18715,9,1
2800,box,2012,no flood,61258,6,1
3300,box,2012,no flood,131791,7,2
36400,box,2019,no flood,35705,5,1
34800,box,2019,no flood,48982,3,1
20700,box,2019,no flood,33745,10,1
32200,box,2019,no flood,42267,6,1
35300,box,2019,no flood,46863,1,1
33500,box,2019,no flood,36443,5,1
13700,box,2019,no flood,14939,9,1
15900,box,2019,no flood,22026,2,1
33200,box,2019,no flood,38278,5,1
35500,box,2019,no flood,46149,2,1
29800,box,2018,no flood,48427,10,1
29800,box,2018,no flood,48807,6,1
29500,box,2018,no flood,52618,5,1
30300,box,2018,no flood,46494,5,1
24300,box,2018,no flood,56296,6,1
29800,box,2017,no flood,33909,8,1
29800,box,2017,no flood,33028,6,1
27500,box,2016,no flood,44653,6,1
10800,box,2017,no flood,80516,8,1
11500,box,2017,no flood,105151,10,2
10400,box,2017,no flood,78368,2,1
11400,box,2018,no flood,78956,10,1
11400,box,2018,no flood,88564,8,1
8000,box,2015,no flood,78800,6,1
3000,box,2012,no flood,111856,6,2
25000,box,2015,no flood,80946,9,1
12300,box,2017,no flood,83168,1,1
14100,box,2017,no flood,58606,5,1
9000,box,2014,no flood,82020,2,1
4200,box,2014,no flood,102500,7,2
22500,box,2019,no flood,8150,5,1
22600,box,2019,no flood,6159,9,1
22600,box,2019,no flood,5938,9,1
22500,box,2019,no flood,9019,10,1
10200,box,2018,no flood,45836,1,1
42700,box,2016,no flood,60215,1,1
21200,box,2015,no flood,125507,10,2
22700,box,2016,no flood,90944,5,1
22000,box,2015,no flood,82785,5,1
9600,box,2014,no flood,150525,1,2
10500,box,2013,no flood,112267,4,2
6700,box,2013,no flood,139394,4,2
14200,box,2013,no flood,82543,4,1
15500,box,2019,no flood,13532,10,1
35100,box,2018,no flood,14751,5,1
26300,box,2018,no flood,11150,1,1
15700,box,2016,no flood,91248,1,1
17600,box,2016,no flood,65336,4,1
18600,box,2016,no flood,48974,2,1
19100,box,2016,no flood,40011,4,1
15200,box,2019,no flood,37444,8,1
16100,box,2019,no flood,43199,9,1
14800,box,2019,no flood,43589,1,1
16700,box,2019,no flood,32870,10,1
15300,box,2019,no flood,38826,9,1
16500,box,2019,no flood,33739,5,1
19600,box,2019,no flood,35309,5,1
15200,box,2019,no flood,32248,1,1
15000,box,2019,no flood,36165,2,1
15500,box,2019,no flood,29922,5,1
15700,box,2019,no flood,26848,8,1
14800,box,2019,no flood,41163,10,1
9200,box,2017,no flood,32856,3,1
8200,box,2017,no flood,100315,3,2
11400,box,2013,no flood,91638,7,1
6500,box,2015,no flood,83173,5,1
11500,box,2014,no flood,94356,7,1
23800,box,2015,no flood,85792,6,1
8900,box,2014,no flood,129068,2,2
28300,box,2019,no flood,27665,6,1
27300,box,2019,no flood,25427,10,1
3500,box,2013,no flood,78198,5,1
28300,box,2020,no flood,13886,10,1
18300,box,2019,no flood,34538,8,1
22500,bell,2018,no flood,20575,2,1
22500,bell,2018,no flood,26026,9,1
8300,bell,2012,no flood,99015,7,1
16500,bell,2019,no flood,27327,9,1
14500,bell,2019,no flood,30229,1,1
30000,bell,2019,no flood,43294,4,1
30000,bell,2019,no flood,54309,3,1
30000,bell,2019,no flood,52822,3,1
30000,bell,2019,no flood,45554,8,1
30000,bell,2019,no flood,37538,5,1
29500,bell,2019,no flood,35153,9,1
21600,bell,2019,no flood,23783,7,1
22600,bell,2019,no flood,30759,9,1
16300,bell,2019,no flood,38922,9,1
8600,bell,2012,no flood,165836,7,2
28800,bell,2019,no flood,19235,6,1
22100,bell,2019,no flood,9445,5,1
14300,bell,2018,no flood,19164,9,1
13700,bell,2018,no flood,54106,8,1
29500,bell,2017,no flood,32051,6,1
18500,bell,2017,no flood,14870,7,1
19000,bell,2016,no flood,32294,8,1
43400,bell,2015,no flood,7250,5,1
46000,bell,2015,no flood,10145,9,1
12500,bell,2018,no flood,59924,3,1
13900,bell,2017,no flood,21304,6,1
13000,bell,2018,no flood,52079,9,1
13000,bell,2018,no flood,54960,3,1
3000,bell,2013,no flood,80099,6,1
17500,bell,2019,no flood,23987,7,1
7900,bell,2017,no flood,84144,9,1
8900,bell,2014,no flood,85639,9,1
11500,bell,2018,no flood,50193,4,1
6500,bell,2017,no flood,74392,6,1
8000,bell,2017,no flood,76117,7,1
18700,bell,2018,no flood,36358,8,1
8350,bell,2017,no flood,90685,9,1
27900,bell,2017,no flood,54141,5,1
14500,bell,2016,no flood,82240,2,1
6200,bell,2016,no flood,66167,8,1
7500,bell,2012,no flood,144220,10,2
20200,bell,2019,no flood,24722,9,1
29300,bell,2019,no flood,41198,2,1
31000,bell,2019,no flood,26353,8,1
32400,bell,2019,no flood,28280,3,1
5800,bell,2012,no flood,130120,8,2
21500,bell,2019,no flood,15340,5,1
23100,bell,2018,no flood,12265,6,1
4500,bell,2014,no flood,94872,10,1
24800,bell,2018,no flood,17946,7,1
23000,bell,2018,no flood,26996,10,1
26900,bell,2019,no flood,5775,6,1
21500,bell,2018,no flood,6748,5,1
15700,bell,2018,no flood,38128,6,1
15200,bell,2018,no flood,41636,3,1
23300,bell,2018,no flood,5359,4,1
6100,bell,2015,no flood,70296,5,1
20000,bell,2017,no flood,11346,2,1
53000,bell,2017,no flood,7415,4,1
3000,bell,2013,no flood,107593,9,2
18200,bell,2016,no flood,50639,9,1
21800,bell,2019,no flood,6530,2,1
52000,bell,2016,no flood,17432,5,1
19000,bell,2019,no flood,19636,6,1
25000,bell,2016,no flood,41748,6,1
36000,bell,2016,no flood,13162,5,1
17000,bell,2019,no flood,32937,10,1
25300,bell,2015,no flood,23095,8,1
14900,bell,2017,no flood,34432,9,1
15000,bell,2017,no flood,48162,9,1
12995,bell,2014,no flood,68310,10,1
17750,bell,2014,no flood,48000,5,1
10295,bell,2014,no flood,105962,7,2
16995,bell,2014,no flood,96575,6,1
25000,bell,2014,no flood,13239,6,1
23995,bell,2014,no flood,24934,8,1
14900,bell,2014,no flood,46859,5,1
15810,bell,2014,no flood,44468,7,1
20227,bell,2014,no flood,62230,7,1
20999,bell,2014,no flood,37082,1,1
22499,bell,2014,no flood,23964,7,1
23495,bell,2014,no flood,11204,6,1
25250,bell,2014,no flood,7608,8,1
15322,bell,2014,no flood,49982,9,1
21232,bell,2019,no flood,4950,5,1
5800,bell,2013,no flood,111628,8,2
29000,bell,2012,no flood,15927,6,1
17000,bell,2018,no flood,36299,8,1
13800,bell,2018,no flood,28469,4,1
30000,bell,2019,no flood,29086,10,1
14800,bell,2017,no flood,35991,2,1
8500,bell,2017,no flood,62224,5,1
9800,bell,2013,no flood,86500,8,1
4200,bell,2014,no flood,144725,3,2
2500,bell,2013,flood insurance,163260,10,2
28700,bell,2018,no flood,19636,8,1
18500,bell,2018,no flood,34272,2,1
17300,bell,2018,no flood,42909,8,1
7100,bell,2016,no flood,55749,3,1
3250,bell,2015,flood insurance,89142,5,1
30700,bell,2017,no flood,20328,3,1
3000,bell,2012,no flood,149332,1,2
26500,bell,2019,no flood,28551,8,1
20800,bell,2019,no flood,35098,9,1
20800,bell,2019,no flood,35365,5,1
5100,bell,2015,no flood,88398,3,1
18900,bell,2019,no flood,27957,2,1
24000,bell,2019,no flood,30161,4,1
38800,bell,2015,no flood,26292,8,1
24500,bell,2019,no flood,25780,2,1
24500,bell,2019,no flood,25032,7,1
6500,bell,2016,no flood,72248,7,1
24000,bell,2019,no flood,30630,10,1
18000,bell,2014,no flood,86125,6,1
24000,bell,2019,no flood,30408,8,1
23500,bell,2019,no flood,35443,9,1
4500,bell,2014,no flood,95377,10,1
25900,bell,2019,no flood,32724,1,1
13900,bell,2019,no flood,45089,8,1
14200,bell,2019,no flood,35948,2,1
15400,bell,2019,no flood,41601,1,1
17500,bell,2019,no flood,26370,7,1
17500,bell,2019,no flood,18271,8,1
18000,bell,2019,no flood,9476,4,1
25200,bell,2012,no flood,80899,9,1
14100,bell,2018,no flood,57394,9,1
13300,bell,2018,no flood,42190,5,1
16200,bell,2019,no flood,22591,1,1
13300,bell,2018,no flood,48681,10,1
13100,bell,2018,no flood,42621,2,1
15500,bell,2017,no flood,27761,10,1
4500,bell,2013,flood insurance,107768,2,2
28400,bell,2019,no flood,14355,1,1
17400,bell,2019,no flood,9467,5,1
6000,bell,2014,no flood,122837,1,2
20700,bell,2019,no flood,18313,8,1
20300,bell,2019,no flood,19506,2,1
14000,bell,2018,no flood,14750,5,1
22000,bell,2019,no flood,11280,5,1
17200,bell,2019,no flood,13944,3,1
15000,bell,2016,no flood,26922,6,1
17500,bell,2019,no flood,12690,4,1
1300,bell,2013,flood insurance,239822,8,3
1750,bell,2014,flood insurance,74975,8,1
16300,bell,2019,no flood,28289,4,1
15700,bell,2019,no flood,38041,3,1
10000,bell,2017,no flood,52386,6,1
23100,bell,2019,no flood,34391,2,1
14900,bell,2019,no flood,39515,4,1
16700,bell,2019,no flood,22074,6,1
16300,bell,2019,no flood,28782,10,1
25800,bell,2019,no flood,30092,4,1
23800,bell,2019,no flood,26443,4,1
16800,bell,2019,no flood,28981,3,1
15500,bell,2019,no flood,32865,5,1
6000,bell,2014,no flood,117258,1,2
26900,bell,2019,no flood,16397,8,1
16900,bell,2019,no flood,16176,10,1
19500,bell,2019,no flood,1091,5,1
15400,bell,2019,no flood,17472,3,1
2300,bell,2012,no flood,123882,9,2
17000,bell,2019,no flood,10341,7,1
34000,bell,2019,no flood,19695,7,1
13700,bell,2017,no flood,51041,6,1
19100,bell,2018,no flood,22646,9,1
11800,bell,2018,no flood,18138,2,1
27500,bell,2019,no flood,23987,4,1
26900,bell,2019,no flood,17160,5,1
27100,bell,2019,no flood,26929,2,1
27200,bell,2019,no flood,25815,1,1
9000,bell,2017,no flood,81992,1,1
22500,bell,2019,no flood,5000,1,1
7700,bell,2015,no flood,62683,10,1
4500,bell,2013,no flood,107224,10,2
2200,bell,2013,flood insurance,184905,8,2
21500,bell,2019,no flood,35153,1,1
18800,bell,2019,no flood,26474,9,1
21800,bell,2019,no flood,30943,5,1
20300,bell,2019,no flood,17154,5,1
8200,bell,2016,no flood,79637,2,1
19000,bell,2019,no flood,12123,9,1
8400,bell,2016,no flood,107822,5,2
19500,bell,2019,no flood,10221,1,1
7000,bell,2015,no flood,95278,3,1
19500,bell,2019,no flood,13457,10,1
8500,bell,2014,no flood,69936,7,1
20500,bell,2019,no flood,13520,4,1
4900,bell,2014,no flood,96922,3,1
20800,bell,2014,no flood,72594,9,1
28500,bell,2019,no flood,17896,7,1
21900,bell,2019,no flood,11088,2,1
15800,bell,2019,no flood,29567,4,1
33000,bell,2019,no flood,15655,4,1
22700,bell,2019,no flood,26428,7,1
21900,bell,2019,no flood,29003,9,1
19300,bell,2019,no flood,32229,10,1
30700,bell,2019,no flood,26503,8,1
19300,bell,2019,no flood,15446,3,1
13750,bell,2014,no flood,128556,6,2
16400,bell,2019,no flood,23369,10,1
19500,bell,2019,no flood,8767,7,1
15100,bell,2019,no flood,48319,10,1
28500,bell,2019,no flood,15275,1,1
15300,bell,2019,no flood,33826,5,1
20300,bell,2019,no flood,16679,9,1
22000,bell,2019,no flood,26184,6,1
16700,bell,2019,no flood,21203,6,1
19300,bell,2019,no flood,17870,8,1
34100,bell,2019,no flood,17909,8,1
14600,bell,2019,no flood,41126,7,1
18200,bell,2019,no flood,14098,9,1
33800,bell,2019,no flood,15003,10,1
15900,bell,2019,no flood,29105,9,1
16500,bell,2019,no flood,34794,2,1
29600,bell,2019,no flood,20034,5,1
14100,bell,2019,no flood,46942,2,1
18200,bell,2019,no flood,14753,3,1
18200,bell,2019,no flood,14359,5,1
24300,bell,2019,no flood,34922,9,1
15400,bell,2019,no flood,20944,5,1
19000,bell,2019,no flood,9877,1,1
19000,bell,2019,no flood,8949,8,1
27800,bell,2017,no flood,13627,6,1
18200,bell,2019,no flood,18291,8,1
15000,bell,2018,no flood,38029,9,1
19200,bell,2017,no flood,32593,10,1
15500,bell,2018,no flood,37352,6,1
24900,bell,2017,no flood,23030,3,1
15500,bell,2018,no flood,30671,8,1
7600,bell,2012,flood insurance,79544,10,1
18400,bell,2017,no flood,15027,4,1
14700,bell,2018,no flood,29115,9,1
3900,bell,2015,no flood,93604,6,1
5200,bell,2015,no flood,100203,1,2
17200,bell,2019,no flood,35401,2,1
18700,bell,2019,no flood,20279,8,1
32000,bell,2019,no flood,26090,10,1
14500,bell,2015,no flood,107924,10,2
19400,bell,2019,no flood,14906,7,1
17300,bell,2019,no flood,34407,9,1
16700,bell,2019,no flood,18049,9,1
19100,bell,2019,no flood,18132,5,1
11100,bell,2013,no flood,109176,2,2
32000,bell,2019,no flood,25456,10,1
16900,bell,2019,no flood,38375,3,1
18000,bell,2017,no flood,39792,4,1
17800,bell,2019,no flood,30403,7,1
18000,bell,2019,no flood,28252,8,1
17500,bell,2019,no flood,31904,3,1
14500,bell,2018,no flood,24336,2,1
18500,bell,2019,no flood,23961,8,1
18600,bell,2019,no flood,22919,1,1
32000,bell,2019,no flood,22863,7,1
17000,bell,2019,no flood,38817,4,1
16000,bell,2019,no flood,48854,5,1
18000,bell,2019,no flood,27288,9,1
15900,bell,2020,no flood,5284,4,1
6200,bell,2016,no flood,99988,8,1
3700,bell,2013,no flood,84109,6,1
24000,bell,2012,no flood,88539,9,1
20800,bell,2013,no flood,33739,4,1
18500,bell,2012,no flood,101017,5,2
18300,bell,2019,no flood,13906,10,1
21000,bell,2019,no flood,20601,4,1
1300,bell,2013,flood insurance,135561,8,2
11900,bell,2019,no flood,23421,10,1
950,bell,2012,flood insurance,145174,9,2
26800,bell,2019,no flood,21309,8,1
800,bell,2012,flood insurance,217576,2,3
21000,bell,2019,no flood,10350,10,1
1900,bell,2012,flood insurance,157636,6,2
33500,bell,2019,no flood,8605,9,1
900,bell,2013,flood insurance,139404,1,2
21000,bell,2019,no flood,10170,6,1
26800,bell,2019,no flood,22272,6,1
5700,bell,2016,no flood,101906,10,2
18500,bell,2019,no flood,27019,5,1
33000,bell,2019,no flood,10930,5,1
11000,bell,2019,no flood,73552,9,1
15800,bell,2019,no flood,37107,10,1
3600,bell,2013,flood insurance,124247,5,2
16300,bell,2019,no flood,36993,1,1
2700,bell,2015,no flood,67133,6,1
12800,bell,2019,no flood,33580,6,1
9700,bell,2015,no flood,94140,1,1
18300,bell,2019,no flood,10447,8,1
16000,bell,2019,no flood,10229,7,1
21000,bell,2019,no flood,6269,10,1
3700,bell,2014,no flood,98699,7,1
33000,bell,2019,no flood,10631,6,1
14700,bell,2019,no flood,44381,7,1
33000,bell,2019,no flood,13960,9,1
15900,bell,2019,no flood,14051,8,1
33000,bell,2019,no flood,20800,7,1
33000,bell,2019,no flood,8873,8,1
32500,bell,2019,no flood,15502,5,1
33000,bell,2019,no flood,9669,8,1
13000,bell,2018,no flood,50873,2,1
33000,bell,2019,no flood,14117,4,1
16500,bell,2019,no flood,46820,1,1
33000,bell,2019,no flood,7247,4,1
34500,bell,2017,no flood,40991,7,1
33500,bell,2019,no flood,9023,6,1
48000,bell,2018,no flood,8047,2,1
54500,bell,2019,no flood,3966,4,1
13200,bell,2018,no flood,41014,1,1
31500,bell,2018,no flood,20907,1,1
17400,bell,2017,no flood,89795,5,1
26000,bell,2017,no flood,57158,3,1
1700,bell,2013,flood insurance,126718,9,2
11000,bell,2013,no flood,83976,5,1
21000,bell,2018,no flood,12554,7,1
5500,bell,2015,no flood,60707,9,1
7500,bell,2014,no flood,40110,4,1
15800,bell,2019,no flood,28038,4,1
16900,bell,2019,no flood,26643,4,1
25000,bell,2019,no flood,36127,9,1
18000,bell,2019,flood insurance,19983,1,1
15600,bell,2019,no flood,29926,8,1
23800,bell,2019,no flood,36750,2,1
16800,bell,2019,no flood,27312,4,1
22700,bell,2019,no flood,49575,7,1
23300,bell,2019,no flood,30279,3,1
23500,bell,2019,no flood,25825,10,1
25500,bell,2019,no flood,32474,5,1
21800,bell,2019,no flood,30585,10,1
22800,bell,2019,no flood,36203,2,1
18200,bell,2019,no flood,29602,8,1
23500,bell,2019,no flood,28689,10,1
25700,bell,2019,no flood,31447,9,1
15700,bell,2019,no flood,39148,3,1
17500,bell,2018,no flood,33495,8,1
15700,bell,2019,no flood,35274,6,1
16500,bell,2018,no flood,48745,2,1
16100,bell,2019,no flood,31297,6,1
15600,bell,2019,no flood,38745,7,1
15400,bell,2019,no flood,37704,5,1
28200,bell,2017,no flood,27060,4,1
15300,bell,2019,no flood,40002,8,1
15900,bell,2019,no flood,34930,5,1
17700,bell,2016,no flood,22863,2,1
15800,bell,2019,no flood,36876,3,1
15900,bell,2019,no flood,34264,2,1
25300,bell,2019,no flood,17515,7,1
16300,bell,2019,no flood,27071,1,1
29500,bell,2019,no flood,14656,9,1
14500,bell,2019,no flood,35652,4,1
15400,bell,2019,no flood,30055,3,1
15400,bell,2019,no flood,43088,5,1
15100,bell,2019,no flood,33641,9,1
15000,bell,2019,no flood,34797,6,1
15500,bell,2019,no flood,43943,9,1
15000,bell,2019,no flood,35744,8,1
15200,bell,2019,no flood,31542,5,1
15700,bell,2019,no flood,26899,8,1
16100,bell,2019,no flood,29985,8,1
16300,bell,2018,no flood,37009,4,1
16000,bell,2019,no flood,30731,3,1
16900,bell,2019,no flood,30062,1,1
17000,bell,2019,no flood,28295,6,1
17300,bell,2019,no flood,25534,4,1
15900,bell,2019,no flood,29716,8,1
15700,bell,2019,no flood,34294,2,1
16900,bell,2019,no flood,27643,5,1
15500,bell,2019,no flood,35516,8,1
15100,bell,2019,no flood,40674,3,1
15500,bell,2019,no flood,32494,8,1
15400,bell,2019,no flood,35047,7,1
16500,bell,2019,no flood,32898,1,1
42500,bell,2015,no flood,13740,8,1
16600,bell,2019,no flood,23132,2,1
15200,bell,2019,no flood,37174,3,1
15800,bell,2019,no flood,34023,3,1
16900,bell,2019,no flood,30021,2,1
11100,bell,2017,no flood,51469,6,1
15600,bell,2019,no flood,31237,1,1
16900,bell,2019,no flood,30186,4,1
15300,bell,2019,no flood,41956,3,1
16600,bell,2019,no flood,30727,6,1
21800,bell,2017,no flood,38956,6,1
36500,bell,2018,no flood,22036,6,1
26300,bell,2019,no flood,26462,4,1
20900,bell,2019,no flood,23143,3,1
20100,bell,2019,no flood,17340,10,1
26700,bell,2019,no flood,29749,10,1
23900,bell,2019,no flood,35248,7,1
14500,bell,2018,no flood,40417,9,1
23000,bell,2017,no flood,30309,7,1
15000,bell,2018,no flood,42303,9,1
15000,bell,2018,no flood,35326,1,1
28500,barrel,2017,no flood,92100,3,1
28000,barrel,2017,no flood,99375,4,1
9000,barrel,2017,no flood,72418,4,1
28700,barrel,2015,no flood,29733,10,1
25000,barrel,2017,no flood,119439,9,2
17347,barrel,2015,no flood,54396,9,1
13800,barrel,2016,no flood,91606,9,1
25888,barrel,2015,no flood,2807,4,1
8500,barrel,2017,no flood,78739,6,1
21289,barrel,2015,no flood,71955,5,1
17999,barrel,2015,no flood,48472,4,1
2700,barrel,2012,no flood,98470,3,1
30977,barrel,2015,no flood,28937,9,1
13799,barrel,2015,no flood,83693,1,1
20500,barrel,2014,no flood,90888,5,1
8500,barrel,2012,no flood,216942,2,3
9900,barrel,2015,no flood,205796,8,3
65500,barrel,2019,no flood,6500,5,1
24500,barrel,2018,no flood,39943,10,1
32500,barrel,2020,no flood,5920,4,1
9200,barrel,2018,no flood,71478,3,1
17700,barrel,2017,no flood,119520,10,2
18300,barrel,2020,no flood,10882,3,1
43500,barrel,2019,no flood,29010,7,1
15200,barrel,2016,no flood,69003,4,1
36200,barrel,2019,no flood,16207,4,1
21900,barrel,2018,no flood,29748,4,1
20700,barrel,2019,no flood,25582,4,1
12300,barrel,2019,no flood,24520,3,1
4200,barrel,2016,no flood,104383,9,2
19500,barrel,2019,no flood,34164,6,1
14300,barrel,2020,no flood,6975,5,1
13700,barrel,2016,no flood,67150,10,1
13200,barrel,2015,no flood,100820,1,2
6200,barrel,2014,no flood,142286,5,2
6500,barrel,2015,no flood,60015,6,1
1500,barrel,2013,no flood,126381,4,2
2200,barrel,2013,no flood,128753,7,2
4200,barrel,2013,no flood,0,9,1
8700,barrel,2013,no flood,64598,10,1
3200,barrel,2012,no flood,111532,8,2
9000,barrel,2012,no flood,149346,10,2
20000,barrel,2018,no flood,43567,6,1
33000,barrel,2017,no flood,36004,8,1
23300,barrel,2019,no flood,10935,7,1
8750,barrel,2017,no flood,150484,1,2
11975,barrel,2012,no flood,122014,1,2
23600,barrel,2019,no flood,19363,9,1
12000,barrel,2016,no flood,42902,3,1
30900,barrel,2018,no flood,401,6,1
23900,barrel,2019,no flood,11077,2,1
40400,barrel,2018,no flood,34100,9,1
38000,barrel,2019,no flood,30018,3,1
27000,barrel,2019,no flood,18279,3,1
24000,barrel,2019,no flood,7373,9,1
30000,barrel,2019,no flood,2590,2,1
16200,barrel,2019,no flood,41662,10,1
30000,barrel,2019,no flood,15019,9,1
23900,barrel,2019,no flood,9420,5,1
13800,barrel,2018,no flood,41864,5,1
23700,barrel,2019,no flood,16829,3,1
24300,barrel,2018,no flood,6290,9,1
54900,barrel,2019,no flood,14393,4,1
22500,barrel,2018,no flood,14599,1,1
39000,barrel,2018,no flood,25839,3,1
13900,barrel,2018,no flood,60715,10,1
24700,barrel,2018,no flood,23350,2,1
20100,barrel,2018,no flood,62386,4,1
22000,barrel,2018,no flood,6248,2,1
38200,barrel,2019,no flood,878,5,1
24400,barrel,2018,no flood,49710,4,1
35000,barrel,2018,no flood,2042,10,1
18600,barrel,2019,no flood,7742,3,1
22700,barrel,2018,no flood,39733,10,1
38000,barrel,2018,no flood,33701,7,1
17000,barrel,2014,no flood,67542,7,1
17500,barrel,2017,no flood,35095,5,1
23200,barrel,2019,no flood,8652,8,1
30700,barrel,2017,no flood,51107,10,1
23500,barrel,2019,no flood,14987,6,1
26400,barrel,2017,no flood,28252,3,1
23500,barrel,2019,no flood,16009,6,1
38000,barrel,2017,no flood,47866,4,1
23600,barrel,2019,no flood,11004,2,1
19300,barrel,2017,no flood,42895,7,1
23200,barrel,2019,no flood,9490,4,1
13800,barrel,2017,no flood,39027,6,1
23600,barrel,2019,no flood,13466,2,1
23200,barrel,2019,no flood,8737,2,1
40000,barrel,2017,no flood,23960,10,1
23400,barrel,2019,no flood,5562,8,1
23600,barrel,2019,no flood,13763,8,1
23000,barrel,2019,no flood,10444,8,1
25500,barrel,2017,no flood,41696,3,1
23500,barrel,2019,no flood,15787,9,1
29900,barrel,2017,no flood,9167,7,1
23200,barrel,2019,no flood,17541,4,1
50500,barrel,2017,no flood,24686,3,1
23400,barrel,2019,no flood,15210,4,1
24500,barrel,2017,no flood,54601,3,1
49000,barrel,2017,no flood,2205,1,1
25400,barrel,2017,no flood,35691,5,1
23000,barrel,2017,no flood,32788,5,1
6000,barrel,2012,no flood,180471,9,2
22400,barrel,2016,no flood,42925,4,1
22500,barrel,2016,no flood,37385,5,1
25200,barrel,2019,no flood,15415,8,1
36000,barrel,2016,no flood,20047,10,1
26700,barrel,2019,no flood,16884,7,1
30500,barrel,2016,no flood,57936,10,1
26700,barrel,2019,no flood,15244,6,1
25000,barrel,2019,no flood,19842,5,1
35200,barrel,2016,no flood,38830,7,1
30300,barrel,2019,no flood,31899,5,1
25000,barrel,2016,no flood,69305,9,1
26500,barrel,2016,no flood,46098,3,1
21600,barrel,2019,no flood,29457,5,1
18800,barrel,2016,no flood,30765,7,1
21500,barrel,2019,no flood,29096,3,1
9000,barrel,2016,no flood,40437,5,1
16700,barrel,2015,no flood,69004,3,1
16800,barrel,2015,no flood,65179,1,1
15700,barrel,2015,no flood,75862,6,1
16800,barrel,2015,no flood,68319,4,1
19500,barrel,2015,no flood,80354,1,1
20500,barrel,2015,no flood,51441,1,1
17400,barrel,2015,no flood,70954,1,1
17500,barrel,2014,no flood,92500,1,1
26000,barrel,2014,no flood,66367,1,1
56700,barrel,2019,no flood,13884,10,1
5000,barrel,2013,no flood,202565,10,3
40200,barrel,2019,no flood,26484,7,1
54000,barrel,2013,no flood,703,9,1
65200,barrel,2019,no flood,18138,4,1
32500,barrel,2017,no flood,28007,5,1
25500,barrel,2019,no flood,11251,3,1
63000,barrel,2019,no flood,11640,8,1
44000,barrel,2019,no flood,10763,3,1
70000,barrel,2019,no flood,9643,10,1
56200,barrel,2019,no flood,33930,6,1
35000,barrel,2019,no flood,26451,7,1
57700,barrel,2019,no flood,21101,2,1
74000,barrel,2019,no flood,10536,7,1
60200,barrel,2019,no flood,31744,3,1
60000,barrel,2018,no flood,18062,1,1
63000,barrel,2018,no flood,17942,5,1
22500,barrel,2014,no flood,43646,7,1
8300,barrel,2014,no flood,71989,1,1
8300,barrel,2012,no flood,138328,3,2
21000,barrel,2013,no flood,95386,8,1
19300,barrel,2019,no flood,23740,1,1
16400,barrel,2019,no flood,36064,4,1
27300,barrel,2019,no flood,18805,1,1
26400,barrel,2012,no flood,151035,2,2
35100,barrel,2019,no flood,10099,3,1
41500,barrel,2018,no flood,9800,7,1
34100,barrel,2019,no flood,10483,3,1
28600,barrel,2019,no flood,17544,8,1
34100,barrel,2019,no flood,10167,1,1
28700,barrel,2019,no flood,11457,10,1
24700,barrel,2019,no flood,26590,7,1
46500,barrel,2019,no flood,35346,4,1
29000,barrel,2019,no flood,12953,7,1
25500,barrel,2019,no flood,26693,3,1
39500,barrel,2019,no flood,25071,1,1
33100,barrel,2019,no flood,33538,9,1
30500,barrel,2019,no flood,9915,4,1
3600,barrel,2018,no flood,1,10,1
16800,barrel,2019,no flood,9910,8,1
24000,barrel,2019,no flood,16765,6,1
58500,barrel,2019,no flood,4970,3,1
55000,barrel,2017,no flood,43964,2,1
28800,barrel,2019,no flood,40785,3,1
26800,barrel,2015,no flood,108998,8,2
36000,barrel,2018,no flood,58576,10,1
20000,barrel,2018,no flood,55475,10,1
46700,barrel,2019,no flood,35929,5,1
42800,barrel,2019,no flood,21669,5,1
21800,barrel,2018,no flood,16079,9,1
18800,barrel,2018,no flood,41147,7,1
18800,barrel,2018,no flood,45798,8,1
30200,barrel,2018,no flood,21703,5,1
27500,barrel,2018,no flood,22284,10,1
37500,barrel,2018,no flood,24567,5,1
19100,barrel,2018,no flood,30594,8,1
17100,barrel,2018,no flood,52747,1,1
13500,barrel,2018,no flood,21592,8,1
54500,barrel,2018,no flood,19853,10,1
9000,barrel,2018,no flood,25201,3,1
16400,barrel,2020,no flood,10351,10,1
17000,barrel,2020,no flood,1117,10,1
24800,barrel,2017,no flood,37279,8,1
26800,barrel,2017,no flood,30113,2,1
19400,barrel,2017,no flood,27570,8,1
20000,barrel,2017,no flood,45188,1,1
7000,barrel,2012,no flood,149712,8,2
25100,barrel,2017,no flood,25030,8,1
2000,barrel,2013,flood insurance,105743,1,2
18200,barrel,2020,no flood,9861,7,1
14200,barrel,2018,no flood,1751,10,1
56500,barrel,2017,no flood,30629,6,1
2000,barrel,2016,flood insurance,52883,10,1
26500,barrel,2020,no flood,122,8,1
34300,barrel,2019,no flood,28534,1,1
43500,barrel,2017,no flood,80699,1,1
3500,barrel,2016,flood insurance,72851,8,1
37200,barrel,2019,no flood,24078,7,1
12800,barrel,2017,no flood,38639,9,1
15000,barrel,2013,flood insurance,146807,5,2
12500,barrel,2017,no flood,31871,9,1
21500,barrel,2017,no flood,76876,7,1
17300,barrel,2019,no flood,28070,7,1
27000,barrel,2017,no flood,3189,4,1
31800,barrel,2017,no flood,28359,8,1
13000,barrel,2017,no flood,42890,9,1
31800,barrel,2017,no flood,29328,1,1
46300,barrel,2016,no flood,47531,7,1
6000,barrel,2015,no flood,57345,1,1
22800,barrel,2016,no flood,67546,9,1
45000,barrel,2019,no flood,18153,10,1
49500,barrel,2019,no flood,17689,2,1
3000,barrel,2012,no flood,137171,9,2
20000,barrel,2015,no flood,63445,7,1
25300,barrel,2019,no flood,26422,6,1
4000,barrel,2015,flood insurance,149319,10,2
45500,barrel,2019,no flood,18767,3,1
9100,barrel,2018,no flood,38289,3,1
48000,barrel,2019,no flood,22960,9,1
47000,barrel,2019,no flood,17263,10,1
49500,barrel,2019,no flood,16981,9,1
31200,barrel,2019,no flood,13058,6,1
18500,barrel,2014,no flood,45887,3,1
15500,barrel,2019,no flood,21740,8,1
30500,barrel,2019,no flood,17707,7,1
45500,barrel,2019,no flood,19121,10,1
31500,barrel,2019,no flood,18856,2,1
11000,barrel,2013,no flood,84752,8,1
46500,barrel,2019,no flood,19555,8,1
31500,barrel,2019,no flood,16340,8,1
32000,barrel,2018,no flood,17242,8,1
23900,barrel,2019,no flood,28733,1,1
31500,barrel,2019,no flood,16019,3,1
18500,barrel,2016,no flood,75580,3,1
1500,barrel,2013,flood insurance,113444,1,2
46000,barrel,2019,no flood,19227,2,1
31500,barrel,2019,no flood,13633,4,1
14700,barrel,2015,no flood,37739,2,1
2700,barrel,2013,flood insurance,103541,9,2
47500,barrel,2019,no flood,24072,8,1
31500,barrel,2019,no flood,17657,1,1
8900,barrel,2014,no flood,77392,8,1
7000,barrel,2019,flood insurance,11930,7,1
49000,barrel,2019,no flood,19731,7,1
31500,barrel,2019,no flood,15581,1,1
8900,barrel,2014,no flood,70181,10,1
48000,barrel,2019,no flood,16143,10,1
50000,barrel,2019,no flood,17995,3,1
47300,barrel,2019,no flood,23926,6,1
45000,barrel,2017,no flood,57929,10,1
49000,barrel,2019,no flood,20758,5,1
40200,barrel,2019,no flood,10028,4,1
48000,barrel,2019,no flood,21051,1,1
5000,barrel,2015,no flood,136307,8,2
8200,barrel,2013,no flood,105880,9,2
49000,barrel,2019,no flood,19985,6,1
4000,barrel,2015,no flood,102590,8,2
39000,barrel,2019,no flood,27612,3,1
29000,barrel,2015,no flood,90855,1,1
46500,barrel,2019,no flood,19936,10,1
7805,barrel,2015,no flood,64495,9,1
22000,barrel,2018,no flood,39477,8,1
18800,barrel,2019,no flood,25698,10,1
33000,barrel,2015,no flood,73849,7,1
39500,barrel,2019,no flood,25422,4,1
16900,barrel,2015,no flood,47866,4,1
42500,barrel,2019,no flood,31236,6,1
39500,barrel,2019,no flood,26755,7,1
25500,barrel,2018,no flood,49177,1,1
49500,barrel,2019,no flood,20749,1,1
25000,barrel,2018,no flood,15003,4,1
40000,barrel,2019,no flood,12247,4,1
26000,barrel,2018,no flood,1,5,1
29500,barrel,2019,no flood,10808,3,1
23000,barrel,2019,no flood,11263,9,1
25500,barrel,2018,no flood,42307,10,1
44500,barrel,2019,no flood,17484,8,1
15600,barrel,2019,no flood,37106,2,1
23100,barrel,2019,no flood,9539,9,1
37000,barrel,2019,no flood,2384,8,1
14500,barrel,2019,no flood,20590,3,1
23000,barrel,2019,no flood,13896,7,1
26500,barrel,2019,no flood,9451,6,1
18000,barrel,2017,no flood,31657,7,1
35700,barrel,2019,no flood,33907,10,1
31000,barrel,2019,no flood,10028,8,1
2000,barrel,2013,no flood,175640,10,2
40400,barrel,2019,no flood,30770,10,1
43600,barrel,2019,no flood,15141,4,1
22600,barrel,2019,no flood,18431,9,1
26000,barrel,2019,no flood,9604,3,1
23200,barrel,2019,no flood,9516,10,1
29000,barrel,2019,no flood,9718,8,1
22800,barrel,2019,no flood,16506,1,1
3450,barrel,2015,flood insurance,192108,8,2
31000,barrel,2019,no flood,11028,6,1
22900,barrel,2019,no flood,11313,4,1
3000,barrel,2014,flood insurance,141595,1,2
28000,barrel,2019,no flood,12886,8,1
23200,barrel,2019,no flood,9556,8,1
27000,barrel,2019,no flood,13269,6,1
22800,barrel,2019,no flood,16770,1,1
31500,barrel,2019,no flood,13526,1,1
23400,barrel,2019,no flood,16391,6,1
28000,barrel,2019,no flood,11437,1,1
23400,barrel,2019,no flood,17964,5,1
28000,barrel,2018,no flood,5440,2,1
24900,barrel,2019,no flood,13035,1,1
23500,barrel,2019,no flood,15759,8,1
36000,barrel,2018,no flood,30002,4,1
28700,barrel,2019,no flood,13673,4,1
16000,barrel,2018,no flood,24480,1,1
31000,barrel,2019,no flood,13230,10,1
16500,barrel,2017,no flood,137789,3,2
28500,barrel,2019,no flood,13516,6,1
10800,barrel,2017,no flood,81660,2,1
28500,barrel,2019,no flood,11763,3,1
25000,barrel,2017,no flood,34165,5,1
31000,barrel,2019,no flood,13458,7,1
7800,barrel,2016,no flood,104867,6,2
28500,barrel,2019,no flood,14004,10,1
9500,barrel,2016,no flood,69829,1,1
28500,barrel,2019,no flood,13405,4,1
14500,barrel,2016,no flood,96151,7,1
25000,barrel,2019,no flood,12688,8,1
14500,barrel,2016,no flood,116519,4,2
28500,barrel,2019,no flood,12260,6,1
12100,barrel,2016,no flood,29367,3,1
29400,barrel,2019,no flood,18982,9,1
24700,barrel,2019,no flood,23795,7,1
8700,barrel,2016,no flood,76572,1,1
29500,barrel,2019,no flood,15964,9,1
25800,barrel,2019,no flood,28117,6,1
17500,barrel,2016,no flood,116730,6,2
23900,barrel,2019,no flood,21055,9,1
22900,barrel,2019,no flood,27794,6,1
19500,barrel,2016,no flood,56995,1,1
29500,barrel,2019,no flood,16625,10,1
24500,barrel,2019,no flood,27689,6,1
11000,barrel,2016,no flood,39851,3,1
22400,barrel,2019,no flood,31727,8,1
15700,barrel,2019,no flood,31586,9,1
11000,barrel,2015,no flood,33717,4,1
28000,barrel,2019,no flood,18418,6,1
13500,barrel,2019,no flood,39013,1,1
7300,barrel,2013,no flood,125451,6,2
25100,barrel,2019,no flood,21346,10,1
24100,barrel,2019,no flood,21150,7,1
6500,barrel,2014,no flood,103862,1,2
10500,barrel,2019,no flood,22001,8,1
16900,barrel,2019,no flood,31261,2,1
6000,barrel,2013,no flood,140870,5,2
28500,barrel,2019,no flood,14358,4,1
16200,barrel,2019,no flood,41672,8,1
6500,barrel,2013,no flood,95655,2,1
24500,barrel,2019,no flood,19493,6,1
16500,barrel,2019,no flood,36956,10,1
56500,barrel,2017,no flood,23223,4,1
10400,barrel,2019,no flood,13085,6,1
22800,barrel,2018,no flood,36124,4,1
26500,barrel,2019,no flood,19147,1,1
23800,barrel,2019,no flood,24993,10,1
24700,barrel,2018,no flood,41127,2,1
12400,barrel,2019,no flood,32365,8,1
16600,barrel,2019,no flood,27774,2,1
11200,barrel,2015,no flood,105027,6,2
15900,barrel,2019,no flood,27806,7,1
7700,barrel,2015,no flood,54198,3,1
15100,barrel,2019,no flood,30181,5,1
7200,barrel,2013,no flood,82670,4,1
15600,barrel,2019,no flood,36305,5,1
39700,barrel,2019,no flood,10475,4,1
16000,barrel,2019,no flood,34734,10,1
7500,barrel,2012,no flood,186713,8,2
15500,barrel,2017,no flood,132150,4,2
19000,barrel,2019,no flood,12928,4,1
5500,barrel,2015,no flood,116539,8,2
38700,barrel,2018,no flood,59549,3,1
21000,barrel,2019,no flood,12174,2,1
28500,barrel,2016,no flood,96129,4,1
37200,barrel,2018,no flood,89809,1,1
18500,barrel,2019,no flood,18202,9,1
15000,barrel,2015,no flood,128505,4,2
37700,barrel,2017,no flood,43527,7,1
22200,barrel,2019,no flood,15792,4,1
39950,barrel,2019,no flood,9278,2,1
37600,barrel,2017,no flood,41925,10,1
18500,barrel,2019,no flood,16924,8,1
10000,barrel,2013,no flood,119869,5,2
20500,barrel,2019,no flood,17260,8,1
5700,barrel,2013,no flood,89490,8,1
21000,barrel,2019,no flood,40772,9,1
22500,barrel,2019,no flood,25623,4,1
29000,barrel,2019,no flood,11669,8,1
13200,barrel,2013,no flood,138524,7,2
25500,barrel,2019,no flood,13644,3,1
25700,barrel,2016,no flood,147935,9,2
18900,barrel,2015,no flood,44456,6,1
31500,barrel,2019,no flood,20357,9,1
45500,barrel,2017,no flood,66366,7,1
11000,barrel,2017,no flood,43532,1,1
18288,barrel,2015,no flood,45218,7,1
20000,barrel,2017,no flood,85688,5,1
36600,barrel,2016,no flood,58902,7,1
18299,barrel,2015,no flood,59869,8,1
10000,barrel,2017,no flood,35021,9,1
4100,barrel,2012,no flood,100264,1,2
30995,barrel,2015,no flood,157057,6,2
1750,barrel,2012,flood insurance,181316,4,2
31500,barrel,2019,no flood,23222,10,1
13500,barrel,2016,no flood,87686,6,1
7500,barrel,2014,no flood,162918,7,2
650,barrel,2017,flood insurance,0,6,1
22800,barrel,2019,no flood,32526,7,1
11300,barrel,2016,no flood,69402,8,1
32700,barrel,2014,no flood,76336,8,1
1350,barrel,2012,flood insurance,163334,2,2
21900,barrel,2019,no flood,47628,8,1
11700,barrel,2014,no flood,135283,5,2
6500,barrel,2014,flood insurance,147903,4,2
9800,barrel,2014,no flood,74181,3,1
11000,barrel,2014,no flood,77386,4,1
1150,barrel,2014,flood insurance,123349,6,2
13000,barrel,2013,no flood,136661,3,2
5500,barrel,2013,no flood,109600,1,2
6000,barrel,2014,flood insurance,125369,7,2
11200,barrel,2013,no flood,122861,6,2
5000,barrel,2016,flood insurance,110826,3,2
23400,barrel,2019,no flood,12198,10,1
13500,barrel,2019,flood insurance,45512,7,1
22900,barrel,2019,no flood,15656,9,1
20000,barrel,2020,no flood,23984,9,1
22900,barrel,2019,no flood,15821,4,1
27000,barrel,2020,no flood,12748,3,1
54500,barrel,2019,no flood,9865,7,1
20600,barrel,2020,no flood,17858,10,1
23500,barrel,2019,no flood,6711,9,1
53000,barrel,2019,no flood,14939,4,1
23600,barrel,2019,no flood,15820,1,1
33500,barrel,2019,no flood,6140,1,1
24400,barrel,2019,no flood,25552,4,1
13000,barrel,2016,no flood,54984,5,1
48400,barrel,2019,no flood,24783,9,1
26500,barrel,2014,no flood,148442,9,2
46200,barrel,2019,no flood,34191,9,1
9300,barrel,2013,no flood,82072,7,1
13500,barrel,2012,no flood,104559,6,2
27600,barrel,2019,no flood,13265,10,1
7400,barrel,2013,no flood,133314,7,2
26500,barrel,2019,no flood,22458,9,1
26000,barrel,2013,no flood,70106,10,1
24500,barrel,2019,no flood,23712,1,1
2100,barrel,2012,no flood,101848,2,2
16700,barrel,2019,no flood,14994,6,1
17500,barrel,2015,no flood,59726,7,1
17000,barrel,2019,no flood,16448,5,1
22500,barrel,2015,no flood,28801,10,1
34500,barrel,2019,no flood,28938,4,1
16600,barrel,2019,no flood,19022,3,1
7500,barrel,2014,no flood,93832,1,1
34500,barrel,2019,no flood,25046,1,1
25000,barrel,2019,no flood,22318,7,1
36000,barrel,2019,no flood,17301,6,1
23700,barrel,2019,no flood,27413,8,1
28600,barrel,2019,no flood,39733,3,1
23500,barrel,2013,no flood,74195,6,1
25300,barrel,2019,no flood,44383,9,1
24900,barrel,2019,no flood,19151,9,1
20300,barrel,2012,no flood,188394,2,2
23400,barrel,2020,no flood,2452,6,1
14600,barrel,2019,no flood,36252,5,1
25500,barrel,2019,no flood,27136,6,1
14700,barrel,2019,no flood,35951,3,1
33700,barrel,2019,no flood,35221,5,1
33400,barrel,2019,no flood,33808,2,1
34000,barrel,2019,no flood,32022,2,1
17500,barrel,2019,no flood,34173,1,1
14100,barrel,2019,no flood,24272,9,1
30000,barrel,2019,no flood,19055,6,1
16500,barrel,2019,no flood,34822,5,1
30600,barrel,2019,no flood,15422,2,1
12800,barrel,2019,no flood,24765,8,1
26000,barrel,2019,no flood,23019,6,1
46000,barrel,2019,no flood,38243,8,1
28500,barrel,2019,no flood,16509,3,1
24300,barrel,2019,no flood,18762,5,1
29000,barrel,2019,no flood,28854,9,1
15300,barrel,2019,no flood,17392,1,1
27900,barrel,2019,no flood,13558,9,1
24700,barrel,2019,no flood,27082,3,1
14400,barrel,2019,no flood,17510,1,1
15000,barrel,2019,no flood,24662,8,1
17200,barrel,2014,no flood,96076,8,1
12800,barrel,2019,no flood,22858,4,1
46900,barrel,2020,no flood,740,2,1
2800,barrel,2013,no flood,110748,4,2
16200,barrel,2019,no flood,25090,10,1
25200,barrel,2020,no flood,7,5,1
34800,barrel,2019,no flood,34277,6,1
52000,barrel,2019,no flood,34527,6,1
26000,barrel,2017,no flood,99923,10,1
40600,barrel,2019,no flood,39170,2,1
55000,barrel,2019,no flood,16569,7,1
5000,barrel,2015,no flood,80612,7,1
36400,barrel,2019,no flood,36616,8,1
7500,barrel,2015,no flood,92165,4,1
14700,barrel,2019,no flood,44778,7,1
43900,barrel,2020,no flood,2089,6,1
6400,barrel,2013,no flood,91652,8,1
41100,barrel,2019,no flood,35801,5,1
23000,barrel,2013,no flood,88781,3,1
13900,barrel,2019,no flood,36978,8,1
19000,barrel,2012,no flood,189776,10,2
34800,barrel,2019,no flood,35233,5,1
22000,barrel,2012,no flood,151641,1,2
16300,barrel,2019,no flood,37044,1,1
18800,barrel,2019,no flood,15835,2,1
13000,barrel,2012,no flood,201187,6,3
40900,barrel,2019,no flood,41928,3,1
47000,barrel,2019,no flood,37059,3,1
12800,barrel,2017,no flood,33763,3,1
25500,barrel,2019,no flood,29850,7,1
17800,barrel,2019,no flood,26675,6,1
25700,barrel,2019,no flood,17828,5,1
17200,barrel,2019,no flood,29632,1,1
35000,barrel,2019,no flood,11544,3,1
28800,barrel,2019,no flood,21976,7,1
39200,barrel,2019,no flood,43617,8,1
13600,barrel,2019,no flood,49254,9,1
24200,barrel,2019,no flood,51589,10,1
46900,barrel,2019,no flood,41399,6,1
26500,barrel,2019,no flood,11734,3,1
24700,barrel,2019,no flood,41628,10,1
12600,barrel,2017,no flood,15075,3,1
31800,barrel,2019,no flood,26591,10,1
24500,barrel,2019,no flood,22906,9,1
26000,barrel,2019,no flood,33462,1,1
21000,barrel,2017,no flood,32747,9,1
22500,barrel,2019,no flood,33717,8,1
7700,barrel,2017,no flood,85218,3,1
23100,barrel,2019,no flood,23512,4,1
9200,barrel,2017,no flood,57853,4,1
19600,barrel,2019,no flood,33324,3,1
11700,barrel,2016,no flood,23803,1,1
27300,barrel,2019,no flood,31260,9,1
14300,barrel,2016,no flood,69428,4,1
23600,barrel,2019,no flood,15755,1,1
6200,barrel,2016,no flood,90946,6,1
22400,barrel,2019,no flood,51370,10,1
5700,barrel,2016,no flood,99941,3,1
23600,barrel,2019,no flood,15456,8,1
4600,barrel,2016,no flood,141603,5,2
37500,barrel,2019,no flood,2382,6,1
10700,barrel,2016,no flood,99544,2,1
31900,barrel,2019,no flood,21546,4,1
31600,barrel,2019,no flood,16293,10,1
12600,barrel,2018,no flood,40375,9,1
5300,barrel,2013,no flood,143191,7,2
3900,barrel,2018,no flood,363,1,1
13000,barrel,2015,no flood,59656,1,1
11800,barrel,2018,no flood,37878,10,1
24600,barrel,2019,no flood,20628,8,1
14500,barrel,2014,no flood,71205,6,1
24300,barrel,2018,no flood,26186,1,1
12300,barrel,2018,no flood,38157,2,1
14800,barrel,2016,no flood,30325,6,1
17100,barrel,2018,no flood,31561,2,1
6800,barrel,2016,no flood,66655,7,1
20300,barrel,2018,no flood,19029,7,1
26300,barrel,2018,no flood,11739,7,1
22500,barrel,2016,no flood,50423,5,1
41200,barrel,2019,no flood,25638,6,1
20400,barrel,2017,no flood,59798,3,1
49900,barrel,2019,no flood,5035,4,1
12100,barrel,2017,no flood,32284,6,1
24000,barrel,2016,no flood,40371,8,1
9500,barrel,2017,no flood,107569,6,2
9000,barrel,2017,no flood,96451,1,1
9800,barrel,2017,no flood,94851,3,1
7800,barrel,2017,no flood,108727,6,2
17200,barrel,2017,no flood,91979,1,1
18800,barrel,2017,no flood,76258,6,1
9800,barrel,2014,no flood,147574,5,2
7000,barrel,2013,no flood,104764,10,2
44000,barrel,2019,no flood,16934,2,1
23400,barrel,2019,no flood,13822,7,1
30700,barrel,2019,no flood,5250,2,1
15600,barrel,2019,no flood,33451,5,1
22600,barrel,2019,no flood,14291,2,1
22900,barrel,2019,no flood,16725,1,1
22800,barrel,2019,no flood,13002,5,1
22700,barrel,2019,no flood,18902,7,1
23000,barrel,2019,no flood,9732,6,1
22700,barrel,2019,no flood,18947,6,1
23000,barrel,2019,no flood,8402,5,1
34400,barrel,2019,no flood,17450,10,1
36500,barrel,2016,no flood,53986,4,1
23100,barrel,2019,no flood,15848,6,1
23300,barrel,2019,no flood,10770,9,1
22600,barrel,2019,no flood,14587,9,1
4500,barrel,2016,no flood,98625,5,1
23000,barrel,2019,no flood,10916,2,1
8000,barrel,2014,no flood,107173,4,2
11500,barrel,2019,no flood,10134,5,1
9400,barrel,2017,no flood,43056,8,1
23000,barrel,2019,no flood,10655,2,1
2800,barrel,2012,no flood,173601,8,2
22600,barrel,2019,no flood,14231,5,1
23000,barrel,2019,no flood,8985,10,1
5200,barrel,2016,no flood,84338,1,1
19200,barrel,2017,no flood,104290,5,2
10100,barrel,2017,no flood,45592,4,1
6200,barrel,2015,no flood,103960,5,2
14000,barrel,2016,no flood,110333,7,2
5000,barrel,2015,no flood,138516,3,2
9200,barrel,2016,no flood,49094,5,1
14700,barrel,2016,no flood,97526,2,1
3000,barrel,2014,no flood,87420,6,1
30200,barrel,2015,no flood,67052,2,1
3800,barrel,2013,no flood,58913,5,1
3200,barrel,2013,no flood,999999,8,3
21500,barrel,2015,no flood,14482,6,1
4900,barrel,2016,no flood,57084,2,1
23000,barrel,2017,no flood,90251,9,1
11200,barrel,2014,no flood,97320,1,1
10400,barrel,2014,no flood,80652,8,1
13200,barrel,2014,no flood,99816,9,1
5200,barrel,2013,no flood,115429,1,2
10500,barrel,2015,no flood,85549,4,1
11900,barrel,2013,no flood,83030,7,1
21200,barrel,2014,no flood,130168,1,2
23500,barrel,2013,no flood,80090,6,1
4700,barrel,2013,no flood,118593,1,2
11100,barrel,2014,no flood,143704,8,2
22000,barrel,2015,no flood,53507,10,1
14000,barrel,2013,no flood,48408,6,1
9200,barrel,2013,no flood,109672,6,2
23300,barrel,2019,no flood,28549,8,1
21700,barrel,2012,no flood,114500,7,2
11200,barrel,2012,no flood,67140,9,1
11300,barrel,2018,no flood,42168,3,1
4200,barrel,2015,flood insurance,80032,1,1
10900,barrel,2018,no flood,52240,4,1
42300,barrel,2019,no flood,34874,6,1
10500,barrel,2014,flood insurance,119689,2,2
43400,barrel,2019,no flood,37355,10,1
12500,barrel,2016,flood insurance,100947,6,2
15900,barrel,2019,no flood,26040,10,1
42500,barrel,2019,no flood,36638,4,1
15000,barrel,2015,flood insurance,137004,4,2
24700,barrel,2019,no flood,31794,9,1
15500,barrel,2015,flood insurance,131106,9,2
49000,barrel,2019,no flood,22013,10,1
29000,barrel,2017,no flood,42291,3,1
16800,barrel,2019,no flood,13155,9,1
51000,barrel,2019,no flood,24869,9,1
16500,barrel,2019,no flood,18454,7,1
10000,barrel,2016,flood insurance,16694,6,1
27900,barrel,2019,no flood,28922,6,1
23700,barrel,2019,no flood,23534,2,1
20000,barrel,2012,flood insurance,24581,3,1
45600,barrel,2019,no flood,35646,2,1
6000,barrel,2012,flood insurance,129873,4,2
15600,barrel,2019,no flood,28669,10,1
25000,barrel,2017,no flood,32454,7,1
28500,barrel,2019,no flood,21800,1,1
8000,barrel,2014,flood insurance,231769,4,3
19990,barrel,2016,no flood,23796,8,1
34400,barrel,2019,no flood,42506,3,1
30999,barrel,2016,no flood,6249,2,1
41000,barrel,2019,no flood,47496,1,1
27999,barrel,2016,no flood,10700,1,1
42000,barrel,2019,no flood,39604,1,1
8000,barrel,2013,flood insurance,250831,5,3
29795,barrel,2016,no flood,7275,4,1
24700,barrel,2019,no flood,8806,5,1
13995,barrel,2016,no flood,105115,8,2
2900,barrel,2015,no flood,57340,2,1
35400,barrel,2019,no flood,36167,7,1
24549,barrel,2016,no flood,44941,9,1
8900,barrel,2014,no flood,53102,3,1
15800,barrel,2019,no flood,26637,6,1
18500,barrel,2016,no flood,45814,10,1
32000,barrel,2019,no flood,17310,4,1
28300,barrel,2019,no flood,24116,5,1
10500,barrel,2019,flood insurance,14128,6,1
24970,barrel,2016,no flood,49882,5,1
13800,barrel,2019,no flood,38964,6,1
2580,barrel,2012,no flood,102705,5,2
59975,barrel,2019,no flood,71,7,1
2500,barrel,2012,flood insurance,98620,8,1
28990,barrel,2016,no flood,15825,4,1
50000,barrel,2019,no flood,29499,3,1
33800,barrel,2014,no flood,100255,6,2
59975,barrel,2019,no flood,174,10,1
2500,barrel,2013,flood insurance,167552,1,2
46999,barrel,2016,no flood,16956,8,1
16700,barrel,2019,no flood,36896,10,1
34700,barrel,2013,no flood,77281,10,1
28900,barrel,2019,no flood,24795,6,1
30800,barrel,2016,no flood,16771,9,1
27100,barrel,2019,no flood,28692,10,1
13388,barrel,2012,no flood,113821,2,2
26000,barrel,2019,no flood,19793,1,1
17900,barrel,2016,no flood,27940,8,1
23400,barrel,2019,no flood,24987,5,1
29800,barrel,2016,no flood,18367,6,1
23700,barrel,2019,no flood,14109,3,1
1725,barrel,2012,flood insurance,158781,8,2
33995,barrel,2016,no flood,27369,3,1
23500,barrel,2019,no flood,30208,4,1
32500,barrel,2019,no flood,24024,7,1
2500,barrel,2016,flood insurance,64999,6,1
39000,barrel,2019,no flood,8404,6,1
11000,barrel,2018,no flood,8884,8,1
32500,barrel,2019,no flood,24126,2,1
800,barrel,2012,flood insurance,129659,3,2
26900,barrel,2019,no flood,31713,6,1
11200,barrel,2016,no flood,109996,4,2
21000,barrel,2018,no flood,6821,10,1
32000,barrel,2019,no flood,17867,6,1
7300,barrel,2016,no flood,110253,5,2
12800,barrel,2018,no flood,39364,9,1
24190,barrel,2018,no flood,4018,1,1
29100,barrel,2019,no flood,21054,9,1
29000,barrel,2017,no flood,48309,5,1
17300,barrel,2016,no flood,68666,6,1
19888,barrel,2018,no flood,34071,3,1
31000,barrel,2019,no flood,13600,3,1
37200,barrel,2017,no flood,44956,8,1
8600,barrel,2016,no flood,72607,2,1
24857,barrel,2018,no flood,33815,8,1
23500,barrel,2019,no flood,31491,2,1
26100,barrel,2018,no flood,32149,5,1
10800,barrel,2016,no flood,26654,2,1
20995,barrel,2018,no flood,36637,7,1
29300,barrel,2019,no flood,17000,5,1
33100,barrel,2018,no flood,15960,1,1
13800,barrel,2016,no flood,40774,1,1
19498,barrel,2018,no flood,40338,2,1
14900,barrel,2019,no flood,40505,1,1
8700,barrel,2016,no flood,30735,9,1
20600,barrel,2019,no flood,33965,8,1
5000,barrel,2018,flood insurance,7339,4,1
19995,barrel,2018,no flood,42470,9,1
14900,barrel,2019,no flood,40670,6,1
19500,barrel,2016,no flood,41233,9,1
24500,barrel,2019,no flood,13162,3,1
15000,barrel,2018,no flood,38744,1,1
26985,barrel,2018,no flood,14023,4,1
31000,barrel,2019,no flood,9741,3,1
24300,barrel,2017,no flood,31017,1,1
16800,barrel,2019,no flood,37786,3,1
17200,barrel,2018,no flood,32415,7,1
34995,barrel,2018,no flood,10421,3,1
24300,barrel,2019,no flood,29305,5,1
26400,barrel,2017,no flood,51309,8,1
16800,barrel,2019,no flood,38001,9,1
15500,barrel,2018,no flood,18849,2,1
19440,barrel,2018,no flood,43269,8,1
16700,barrel,2019,no flood,36989,10,1
29000,barrel,2017,no flood,29320,8,1
16100,barrel,2019,no flood,34244,9,1
17200,barrel,2018,no flood,32938,9,1
20950,barrel,2018,no flood,40793,8,1
46200,barrel,2017,no flood,94741,2,1
29400,barrel,2019,no flood,25011,3,1
2825,barrel,2014,flood insurance,363810,7,3
32999,barrel,2018,no flood,6881,5,1
6600,barrel,2014,no flood,80423,1,1
50200,barrel,2017,no flood,92405,6,1
28300,barrel,2019,no flood,15436,8,1
12000,barrel,2017,flood insurance,104665,8,2
32999,barrel,2018,no flood,16194,5,1
12600,barrel,2014,no flood,48188,2,1
5200,barrel,2017,no flood,65164,7,1
20500,barrel,2019,no flood,35930,10,1
1200,barrel,2012,flood insurance,167376,7,2
35999,barrel,2018,no flood,13674,1,1
41000,barrel,2019,no flood,9235,3,1
33100,barrel,2017,no flood,103002,1,2
23500,barrel,2019,no flood,12836,6,1
18799,barrel,2015,no flood,137728,3,2
33999,barrel,2018,no flood,6921,4,1
35000,barrel,2019,no flood,14359,6,1
26100,barrel,2017,no flood,58118,5,1
15400,barrel,2019,no flood,31124,2,1
25998,barrel,2015,no flood,25734,2,1
31831,barrel,2018,no flood,14059,5,1
40400,barrel,2019,no flood,13472,9,1
15400,barrel,2013,no flood,123983,8,2
13500,barrel,2019,no flood,35023,1,1
25995,barrel,2015,no flood,39509,10,1
27990,barrel,2018,no flood,4512,7,1
23985,barrel,2015,no flood,51884,1,1
27995,barrel,2018,no flood,4181,4,1
13995,barrel,2015,no flood,56703,2,1
29988,barrel,2018,no flood,4712,2,1
12995,barrel,2015,no flood,102800,7,2
21687,barrel,2018,no flood,7109,1,1
25200,barrel,2016,no flood,100943,3,2
29590,barrel,2015,no flood,3915,1,1
28999,barrel,2018,no flood,15550,7,1
13942,barrel,2015,no flood,62542,9,1
15300,barrel,2018,no flood,38370,3,1
35400,barrel,2020,no flood,671,9,1
32700,barrel,2016,no flood,61477,5,1
13995,barrel,2015,no flood,73891,3,1
1850,barrel,2014,flood insurance,168805,8,2
15800,barrel,2012,no flood,82564,3,1
36000,barrel,2016,no flood,85649,10,1
15495,barrel,2015,no flood,48374,5,1
21500,barrel,2012,no flood,11990,7,1
7200,barrel,2016,no flood,64111,9,1
17589,barrel,2015,no flood,28771,6,1
31700,barrel,2015,no flood,126708,6,2
31790,barrel,2015,no flood,27165,2,1
18100,barrel,2015,no flood,106546,5,2
14495,barrel,2015,no flood,54778,5,1
15000,barrel,2020,no flood,11729,9,1
26400,barrel,2015,no flood,85197,10,1
27990,barrel,2015,no flood,19130,2,1
19700,barrel,2015,no flood,72369,8,1
15300,barrel,2015,no flood,59646,3,1
22000,barrel,2014,no flood,68418,1,1
23999,barrel,2015,no flood,8400,3,1
16488,barrel,2015,no flood,45084,6,1
12784,barrel,2015,no flood,67037,4,1
23400,barrel,2015,no flood,64135,6,1
9705,barrel,2017,no flood,72377,4,1
25999,barrel,2015,no flood,39367,4,1
34977,barrel,2015,no flood,46540,1,1
19000,barrel,2015,no flood,40677,4,1
15995,barrel,2015,no flood,69438,8,1
13487,barrel,2015,no flood,96246,8,1
18707,barrel,2015,no flood,69719,9,1
15290,barrel,2015,no flood,75933,2,1
15600,barrel,2015,no flood,54325,10,1
47000,barrel,2019,no flood,24902,9,1
16080,barrel,2015,no flood,31793,7,1
50000,barrel,2019,no flood,16505,4,1
15268,barrel,2015,no flood,74361,10,1
47500,barrel,2019,no flood,27868,1,1
18497,barrel,2015,no flood,34011,7,1
10000,barrel,2019,no flood,19993,8,1
19995,barrel,2015,no flood,48115,10,1
49000,barrel,2019,no flood,22543,5,1
17150,barrel,2015,no flood,67091,10,1
45000,barrel,2019,no flood,28790,6,1
14295,barrel,2015,no flood,59391,9,1
49000,barrel,2019,no flood,18449,7,1
16190,barrel,2015,no flood,71824,2,1
49000,barrel,2019,no flood,19304,5,1
17899,barrel,2015,no flood,39159,5,1
26000,barrel,2019,no flood,18708,9,1
14000,barrel,2015,no flood,79430,1,1
15500,barrel,2019,no flood,12393,8,1
16888,barrel,2015,no flood,56329,10,1
28000,barrel,2019,no flood,12155,5,1
8305,barrel,2014,no flood,63291,5,1
21822,barrel,2015,no flood,36041,7,1
15500,barrel,2019,no flood,25810,3,1
12500,barrel,2015,no flood,130388,8,2
15995,barrel,2015,no flood,23878,3,1
16000,barrel,2019,no flood,15460,9,1
38200,barrel,2018,no flood,46710,6,1
12995,barrel,2015,no flood,65342,7,1
14488,barrel,2015,no flood,64061,2,1
17500,barrel,2016,no flood,93164,6,1
21995,barrel,2015,no flood,35629,4,1
8500,barrel,2015,no flood,118483,8,2
16593,barrel,2015,no flood,71573,4,1
13000,barrel,2017,no flood,33660,5,1
14247,barrel,2015,no flood,61168,6,1
23500,barrel,2017,no flood,42241,7,1
16999,barrel,2015,no flood,21004,8,1
25000,barrel,2017,no flood,45003,6,1
20159,barrel,2015,no flood,45278,9,1
31000,barrel,2017,no flood,1,7,1
22500,barrel,2018,no flood,24747,3,1
29500,barrel,2017,no flood,48707,5,1
59900,barrel,2020,no flood,2162,6,1
24000,barrel,2017,no flood,50874,5,1
20500,barrel,2017,no flood,70727,10,1
27200,barrel,2019,no flood,29382,8,1
24900,barrel,2018,no flood,33194,8,1
24500,barrel,2017,no flood,52084,8,1
34000,barrel,2018,no flood,51122,5,1
28000,barrel,2017,no flood,40286,4,1
27000,barrel,2017,no flood,55420,10,1
34000,barrel,2018,no flood,10282,6,1
42500,barrel,2017,no flood,85278,6,1
33000,barrel,2018,no flood,7258,1,1
10200,barrel,2018,no flood,93350,4,1
25600,barrel,2019,no flood,37166,7,1
16300,barrel,2018,no flood,69480,5,1
26500,barrel,2016,no flood,34679,5,1
36500,barrel,2018,no flood,24151,2,1
25900,barrel,2019,no flood,32796,7,1
22500,barrel,2016,no flood,67979,2,1
29000,barrel,2018,no flood,18690,5,1
825,barrel,2012,flood insurance,78072,3,1
10500,barrel,2016,no flood,54251,9,1
32000,barrel,2018,no flood,32262,7,1
27700,barrel,2015,no flood,92358,5,1
4000,barrel,2015,no flood,90740,10,1
38800,barrel,2018,no flood,35225,10,1
26200,barrel,2015,no flood,129063,4,2
19500,barrel,2018,no flood,49985,10,1
11700,barrel,2015,no flood,52340,9,1
34000,barrel,2018,no flood,21406,8,1
38600,barrel,2019,no flood,16619,9,1
21500,barrel,2015,no flood,41293,3,1
38500,barrel,2018,no flood,37053,2,1
38500,barrel,2018,no flood,34532,6,1
12000,barrel,2017,no flood,13328,7,1
30500,barrel,2018,no flood,56836,1,1
11300,barrel,2016,no flood,48080,6,1
29500,barrel,2018,no flood,12271,7,1
16100,barrel,2014,no flood,97318,6,1
32500,barrel,2018,no flood,12717,7,1
29000,barrel,2019,no flood,12764,2,1
30000,barrel,2018,no flood,19951,1,1
26000,barrel,2019,no flood,32458,4,1
26000,barrel,2018,no flood,21616,3,1
18500,barrel,2019,no flood,17755,8,1
12000,barrel,2017,no flood,73846,8,1
30000,barrel,2018,no flood,15771,9,1
14700,barrel,2019,no flood,29168,7,1
25000,barrel,2017,no flood,159182,6,2
26550,barrel,2018,no flood,15296,1,1
27000,barrel,2019,no flood,30476,1,1
34000,barrel,2016,no flood,131754,7,2
27500,barrel,2018,no flood,26095,4,1
25500,barrel,2018,no flood,22107,5,1
13500,barrel,2019,no flood,31207,3,1
4000,barrel,2015,no flood,112810,3,2
25700,barrel,2018,no flood,19058,8,1
29000,barrel,2015,no flood,109137,10,2
30500,barrel,2018,no flood,24058,1,1
30000,barrel,2018,no flood,6967,3,1
9000,barrel,2014,no flood,118340,8,2
19000,barrel,2018,no flood,36145,3,1
25800,barrel,2019,no flood,33942,6,1
26500,barrel,2018,no flood,38868,4,1
29300,barrel,2019,no flood,36190,4,1
6300,barrel,2018,no flood,37177,2,1
25400,barrel,2019,no flood,39267,3,1
26000,barrel,2018,no flood,33350,6,1
7000,barrel,2017,no flood,57889,5,1
25900,barrel,2018,no flood,34081,8,1
9700,barrel,2019,no flood,26821,9,1
27000,barrel,2018,no flood,40577,10,1
9100,barrel,2019,no flood,52355,9,1
28000,barrel,2018,no flood,30620,4,1
25700,barrel,2019,no flood,22019,6,1
27500,barrel,2018,no flood,36742,9,1
9400,barrel,2019,no flood,32473,2,1
25500,barrel,2018,no flood,43406,5,1
20500,barrel,2019,no flood,34696,6,1
21500,barrel,2018,no flood,43519,1,1
12800,barrel,2019,no flood,37716,8,1
23900,barrel,2018,no flood,41627,8,1
9400,barrel,2019,no flood,29986,1,1
26900,barrel,2018,no flood,41496,10,1
25500,barrel,2019,no flood,20613,1,1
27000,barrel,2018,no flood,33475,7,1
9300,barrel,2019,no flood,32305,2,1
14400,barrel,2018,no flood,38148,6,1
19000,barrel,2019,no flood,39976,2,1
14000,barrel,2018,no flood,50513,4,1
13600,barrel,2019,no flood,31408,2,1
19200,barrel,2018,no flood,41351,1,1
13600,barrel,2019,no flood,32038,6,1
18600,barrel,2018,no flood,38279,10,1
13700,barrel,2019,no flood,30471,9,1
18200,barrel,2018,no flood,41569,7,1
13800,barrel,2019,no flood,31142,2,1
22000,barrel,2018,no flood,31598,7,1
13700,barrel,2019,no flood,31380,10,1
28000,barrel,2018,no flood,22179,2,1
13800,barrel,2019,no flood,29266,6,1
18600,barrel,2018,no flood,42156,7,1
13700,barrel,2019,no flood,30875,9,1
13700,barrel,2019,no flood,30609,5,1
13800,barrel,2019,no flood,29508,7,1
17700,barrel,2019,no flood,12837,6,1
13900,barrel,2019,no flood,29633,6,1
13900,barrel,2019,no flood,27461,1,1
50500,barrel,2018,no flood,74961,7,1
13600,barrel,2019,no flood,32154,1,1
55000,barrel,2018,no flood,37245,2,1
13800,barrel,2019,no flood,29345,3,1
56000,barrel,2018,no flood,25371,3,1
13800,barrel,2019,no flood,30054,2,1
45800,barrel,2018,no flood,11173,8,1
13800,barrel,2019,no flood,30902,5,1
5500,monitor,2018,no flood,31231,8,1
14400,monitor,2020,no flood,10728,1,1
11450,monitor,2018,no flood,35374,9,1
11000,monitor,2018,no flood,36715,3,1
11450,monitor,2018,no flood,33437,3,1
11000,monitor,2018,no flood,36788,6,1
11200,monitor,2018,no flood,35491,9,1
11400,monitor,2018,no flood,33644,2,1
11450,monitor,2018,no flood,35831,1,1
11050,monitor,2018,no flood,35050,8,1
11400,monitor,2018,no flood,34924,2,1
11050,monitor,2018,no flood,34962,8,1
10850,monitor,2018,no flood,39985,9,1
10900,monitor,2018,no flood,38816,9,1
10450,monitor,2018,no flood,41579,5,1
10800,monitor,2018,no flood,40455,9,1
10850,monitor,2018,no flood,39996,10,1
10800,monitor,2018,no flood,41077,8,1
10850,monitor,2018,no flood,39183,7,1
10800,monitor,2018,no flood,40478,4,1
10900,monitor,2018,no flood,38806,7,1
10400,monitor,2018,no flood,45331,6,1
10500,monitor,2018,no flood,43531,8,1
10800,monitor,2018,no flood,41033,5,1
10800,monitor,2018,no flood,40332,5,1
11200,monitor,2019,no flood,22319,9,1
11100,monitor,2019,no flood,22305,3,1
12200,monitor,2019,no flood,36996,2,1
4000,monitor,2019,no flood,1,7,1
9000,monitor,2019,no flood,27611,10,1
14900,monitor,2019,no flood,26516,4,1
4600,monitor,2019,no flood,31397,2,1
6400,monitor,2019,no flood,18300,9,1
10400,monitor,2019,no flood,26743,1,1
7800,monitor,2019,no flood,15832,6,1
12300,monitor,2019,no flood,31939,3,1
10900,monitor,2019,no flood,31037,3,1
8500,monitor,2019,no flood,22521,1,1
7300,monitor,2019,no flood,31335,3,1
5900,monitor,2019,no flood,28315,8,1
20000,monitor,2017,no flood,83437,8,1
11200,monitor,2018,no flood,42250,1,1
14400,monitor,2018,no flood,45732,3,1
16500,monitor,2018,no flood,49185,8,1
13400,monitor,2017,no flood,45826,6,1
12500,monitor,2017,no flood,36844,2,1
6500,monitor,2013,no flood,104343,6,2
19800,monitor,2018,no flood,34138,6,1
8800,monitor,2018,no flood,34761,6,1
12800,monitor,2018,no flood,32656,2,1
8800,monitor,2018,no flood,34837,9,1
3500,monitor,2019,no flood,30099,1,1
750,monitor,2018,no flood,37088,4,1
10800,monitor,2017,no flood,41729,9,1
22300,monitor,2017,no flood,17195,4,1
8300,monitor,2018,no flood,43064,2,1
8300,monitor,2018,no flood,47510,4,1
8000,monitor,2018,no flood,52571,5,1
15200,monitor,2018,no flood,12129,2,1
6700,monitor,2017,no flood,62280,6,1
7500,monitor,2017,no flood,74859,9,1
10500,monitor,2017,no flood,59508,3,1
8400,monitor,2017,no flood,58529,8,1
7000,monitor,2015,flood insurance,24396,2,1
25500,monitor,2020,no flood,10317,2,1
4100,monitor,2017,flood insurance,37619,10,1
13900,monitor,2020,no flood,15160,8,1
1900,monitor,2015,flood insurance,91898,2,1
14700,monitor,2017,no flood,31198,5,1
1900,monitor,2013,flood insurance,144015,1,2
18800,monitor,2017,no flood,15621,2,1
7800,monitor,2018,no flood,54815,6,1
13500,monitor,2016,no flood,53011,2,1
8000,monitor,2018,no flood,56255,1,1
3300,monitor,2013,no flood,100225,4,2
7200,monitor,2017,no flood,54117,6,1
8000,monitor,2017,no flood,54119,10,1
1280,monitor,2012,flood insurance,162176,6,2
14000,monitor,2018,no flood,37655,4,1
3500,monitor,2015,no flood,101178,10,2
600,monitor,2012,flood insurance,206142,4,3
12500,monitor,2018,no flood,43187,5,1
5800,monitor,2013,flood insurance,105590,7,2
8000,monitor,2018,no flood,53903,6,1
2200,monitor,2015,flood insurance,73382,5,1
8300,monitor,2018,no flood,48977,7,1
7500,monitor,2016,no flood,77504,9,1
8000,monitor,2018,no flood,50871,3,1
3500,monitor,2012,no flood,107734,8,2
8000,monitor,2018,no flood,53098,8,1
2000,monitor,2012,flood insurance,159990,10,2
7800,monitor,2018,no flood,51552,1,1
8000,monitor,2018,no flood,54692,10,1
18500,monitor,2019,no flood,18611,6,1
8000,monitor,2018,no flood,51654,10,1
18300,monitor,2019,no flood,24046,10,1
7500,monitor,2018,no flood,65184,5,1
29800,monitor,2019,no flood,37398,9,1
21100,monitor,2020,no flood,19597,3,1
16200,monitor,2019,no flood,34122,8,1
6998,monitor,2015,no flood,43651,6,1
14700,monitor,2020,no flood,15387,10,1
19000,monitor,2020,no flood,264,6,1
7500,monitor,2016,no flood,58126,9,1
7998,monitor,2015,no flood,62921,4,1
10999,monitor,2015,no flood,43279,9,1
2900,monitor,2012,flood insurance,117844,3,2
8495,monitor,2015,no flood,45043,2,1
19925,monitor,2016,no flood,42837,4,1
9500,monitor,2018,no flood,42782,9,1
12750,monitor,2015,no flood,24629,10,1
22800,monitor,2015,no flood,35902,1,1
11621,monitor,2015,no flood,12840,1,1
11590,monitor,2015,no flood,63933,7,1
4700,monitor,2012,no flood,100079,7,2
11390,monitor,2015,no flood,37953,5,1
14500,monitor,2017,no flood,8677,1,1
12000,monitor,2020,no flood,11583,4,1
15000,monitor,2020,no flood,14320,7,1
7500,monitor,2016,no flood,19723,5,1
28000,monitor,2018,no flood,29554,5,1
17500,monitor,2018,no flood,39309,9,1
18000,monitor,2018,no flood,34951,4,1
13200,monitor,2018,no flood,35870,7,1
17000,monitor,2018,no flood,44423,5,1
6700,monitor,2012,no flood,92982,3,1
23300,monitor,2018,no flood,36844,3,1
26800,monitor,2018,no flood,33605,9,1
18200,monitor,2018,no flood,28009,1,1
18700,monitor,2018,no flood,41366,4,1
12900,monitor,2016,no flood,98354,6,1
16000,monitor,2018,no flood,39598,1,1
19400,monitor,2020,no flood,21009,4,1
10900,monitor,2018,no flood,28880,10,1
15800,monitor,2018,no flood,28626,3,1
19800,monitor,2020,no flood,14850,3,1
19000,monitor,2018,no flood,41096,6,1
18000,monitor,2020,no flood,12748,5,1
19800,monitor,2020,no flood,14531,5,1
19700,monitor,2020,no flood,15931,10,1
20100,monitor,2020,no flood,10875,7,1
19700,monitor,2019,no flood,31172,10,1
23400,monitor,2019,no flood,16248,8,1
23300,monitor,2019,no flood,18137,7,1
17500,monitor,2019,no flood,25664,4,1
17100,monitor,2019,no flood,31026,2,1
15800,monitor,2019,no flood,41287,3,1
13600,monitor,2019,no flood,43612,4,1
14400,monitor,2019,no flood,29545,4,1
19800,monitor,2019,no flood,24303,8,1
17200,monitor,2019,no flood,29661,7,1
20300,monitor,2019,no flood,18857,1,1
20500,monitor,2019,no flood,14470,5,1
16500,monitor,2019,no flood,42364,1,1
16000,monitor,2019,no flood,37108,1,1
14600,monitor,2019,no flood,26432,8,1
16300,monitor,2019,no flood,24174,1,1
15400,monitor,2019,no flood,30756,9,1
15800,monitor,2019,no flood,32473,9,1
15800,monitor,2019,no flood,22947,2,1
21400,monitor,2018,no flood,17127,1,1
15300,monitor,2019,no flood,20793,8,1
20100,monitor,2019,no flood,32519,4,1
11300,monitor,2019,no flood,26930,3,1
10700,monitor,2019,no flood,40839,9,1
16000,monitor,2018,no flood,44732,2,1
16600,monitor,2019,no flood,19292,10,1
15800,monitor,2019,no flood,24155,8,1
11600,monitor,2019,no flood,33369,7,1
15000,monitor,2017,no flood,28918,1,1
17600,monitor,2019,no flood,21623,7,1
36300,monitor,2017,no flood,16224,6,1
15600,monitor,2019,no flood,26406,6,1
14000,monitor,2017,no flood,27790,8,1
16600,monitor,2019,no flood,19182,10,1
12600,monitor,2017,no flood,11837,5,1
20900,monitor,2019,no flood,21774,2,1
12700,monitor,2017,no flood,17738,6,1
15600,monitor,2019,no flood,27206,3,1
18900,monitor,2019,no flood,20508,1,1
15700,monitor,2019,no flood,24987,3,1
21900,monitor,2019,no flood,21273,6,1
21700,monitor,2019,no flood,23863,8,1
14600,monitor,2016,no flood,31566,6,1
12000,monitor,2019,no flood,25261,1,1
21000,monitor,2019,no flood,20628,7,1
12500,monitor,2017,no flood,48765,9,1
15900,monitor,2019,no flood,30645,9,1
11800,monitor,2017,no flood,60158,5,1
9900,monitor,2019,no flood,39985,9,1
10600,monitor,2018,no flood,39208,8,1
10100,monitor,2018,no flood,45080,7,1
13300,monitor,2018,no flood,39247,6,1
10100,monitor,2018,no flood,46382,8,1
10300,monitor,2018,no flood,39893,4,1
10300,monitor,2018,no flood,41203,4,1
10300,monitor,2018,no flood,40648,3,1
24000,monitor,2018,no flood,31551,8,1
10400,monitor,2018,no flood,38761,2,1
10200,monitor,2018,no flood,42838,4,1
9500,monitor,2018,no flood,41557,2,1
10500,monitor,2018,no flood,41136,1,1
10500,monitor,2018,no flood,41141,3,1
3500,monitor,2016,no flood,115716,8,2
9300,monitor,2018,no flood,52260,8,1
14100,monitor,2016,no flood,22041,7,1
2425,monitor,2012,flood insurance,161836,1,2
925,monitor,2012,flood insurance,83720,6,1
11000,monitor,2016,no flood,37605,6,1
11000,monitor,2016,no flood,63738,3,1
2100,monitor,2013,flood insurance,155704,5,2
800,monitor,2012,flood insurance,234792,10,3
20400,monitor,2018,no flood,24143,7,1
375,monitor,2017,flood insurance,1,4,1
3000,monitor,2015,no flood,132655,1,2
15100,monitor,2017,no flood,28079,5,1
4000,monitor,2015,flood insurance,74906,6,1
19500,monitor,2017,no flood,53155,1,1
22600,monitor,2017,no flood,94258,7,1
6500,monitor,2014,no flood,65620,4,1
11800,monitor,2012,no flood,92878,5,1
20500,monitor,2017,no flood,25918,1,1
14200,monitor,2018,no flood,37830,2,1
22000,monitor,2018,no flood,13875,6,1
16200,monitor,2018,no flood,6024,5,1
4800,monitor,2016,flood insurance,76789,9,1
16000,monitor,2018,no flood,30409,1,1
14300,monitor,2018,no flood,44864,3,1
16800,monitor,2019,no flood,42397,2,1
11900,monitor,2018,no flood,16778,10,1
3000,monitor,2015,flood insurance,99767,5,1
15000,monitor,2019,no flood,34692,6,1
15200,monitor,2019,no flood,30721,5,1
18000,monitor,2017,no flood,53376,6,1
22700,monitor,2016,no flood,21282,2,1
3800,monitor,2015,no flood,81699,10,1
5475,monitor,2018,flood insurance,33048,6,1
11400,monitor,2018,no flood,10372,7,1
28100,monitor,2018,no flood,8889,2,1
3500,monitor,2017,no flood,127780,6,2
15200,monitor,2016,no flood,59640,10,1
1950,monitor,2015,flood insurance,83975,4,1
13400,monitor,2016,no flood,46178,10,1
12500,monitor,2018,no flood,34460,9,1
16500,monitor,2018,no flood,30594,7,1
16500,monitor,2018,no flood,39817,10,1
16500,monitor,2018,no flood,40419,10,1
13900,monitor,2018,no flood,35493,3,1
13900,monitor,2018,no flood,37073,2,1
1500,monitor,2013,flood insurance,98384,5,1
16500,monitor,2018,no flood,34640,1,1
13900,monitor,2018,no flood,38760,1,1
16500,monitor,2018,no flood,34841,6,1
13900,monitor,2018,no flood,35065,8,1
12400,monitor,2018,no flood,37741,3,1
13000,monitor,2018,no flood,27488,5,1
16500,monitor,2018,no flood,37452,1,1
13900,monitor,2018,no flood,39797,7,1
16500,monitor,2018,no flood,36714,10,1
13900,monitor,2018,no flood,36207,7,1
13900,monitor,2018,no flood,38563,10,1
13900,monitor,2018,no flood,39885,10,1
12100,monitor,2018,no flood,41852,8,1
16500,monitor,2018,no flood,39454,1,1
16500,monitor,2018,no flood,40203,4,1
13900,monitor,2018,no flood,34547,5,1
3700,monitor,2015,no flood,75858,1,1
18800,monitor,2019,no flood,31123,1,1
9200,monitor,2018,no flood,33808,1,1
30100,monitor,2019,no flood,30599,5,1
9200,monitor,2018,no flood,33931,7,1
11100,monitor,2019,no flood,40359,10,1
13900,monitor,2018,no flood,44313,1,1
9100,monitor,2018,no flood,33078,4,1
22800,monitor,2019,no flood,24320,7,1
13900,monitor,2018,no flood,42502,2,1
12600,monitor,2019,no flood,33497,2,1
9200,monitor,2018,no flood,39577,10,1
12100,monitor,2019,no flood,36974,4,1
9200,monitor,2018,no flood,41220,2,1
2300,monitor,2019,no flood,1,1,1
13900,monitor,2018,no flood,41539,8,1
9500,monitor,2019,no flood,19646,8,1
13900,monitor,2018,no flood,39924,5,1
1700,monitor,2019,no flood,33279,7,1
13900,monitor,2018,no flood,40259,5,1
10400,monitor,2019,no flood,25264,1,1
9200,monitor,2018,no flood,35677,9,1
7400,monitor,2019,no flood,35511,7,1
9200,monitor,2018,no flood,33027,5,1
7800,monitor,2019,no flood,23609,1,1
9200,monitor,2018,no flood,34553,7,1
9200,monitor,2018,no flood,31594,6,1
9200,monitor,2018,no flood,32557,6,1
9200,monitor,2018,no flood,31371,3,1
